id,abbreviation,api_id,country_code,date_of_birth,forename,nationality,permanent_car_number,reference,surname,wikipedia
1,,driver_NNme7ruE,ITA,1906-10-30,Nino,Italian,,farina,Farina,http://en.wikipedia.org/wiki/Nino_Farina
2,,driver_oSJ2AZ19,ITA,1898-06-09,Luigi,Italian,,fagioli,Fagioli,http://en.wikipedia.org/wiki/Luigi_Fagioli
3,,driver_K1dAqP21,GBR,1911-07-02,Reg,British,,reg_parnell,Parnell,http://en.wikipedia.org/wiki/Reg_Parnell
4,,driver_mMgKa2QC,FRA,1904-10-08,Yves,French,,cabantous,Cabantous,http://en.wikipedia.org/wiki/Yves_Giraud_Cabantous
5,,driver_JBHqCjL6,FRA,1905-11-05,Louis,French,,rosier,Rosier,http://en.wikipedia.org/wiki/Louis_Rosier
6,,driver_0vM2JtQS,GBR,1914-01-19,Bob,British,,gerard,Gerard,http://en.wikipedia.org/wiki/Bob_Gerard
7,,driver_8fVX2Oi5,GBR,1906-07-06,Cuth,British,,harrison,Harrison,http://en.wikipedia.org/wiki/Cuth_Harrison
8,,driver_hVOO3oPh,FRA,1896-12-28,Philippe,French,,etancelin,Étancelin,http://en.wikipedia.org/wiki/Philippe_%C3%89tancelin
9,,driver_KrgKEQqw,GBR,1917-12-29,David,British,,hampshire,Hampshire,http://en.wikipedia.org/wiki/David_Hampshire
10,,driver_a6aSD1ML,GBR,1915-01-28,Brian,British,,shawe_taylor,Shawe Taylor,http://en.wikipedia.org/wiki/Brian_Shawe_Taylor
11,,driver_qC30SzKm,GBR,1915-10-26,Joe,British,,fry,Fry,http://en.wikipedia.org/wiki/Joe_Fry
12,,driver_78AZYCLa,BEL,1916-08-11,Johnny,Belgian,,claes,Claes,http://en.wikipedia.org/wiki/Johnny_Claes
13,,driver_Z1VX9us3,ARG,1911-06-24,Juan,Argentine,,fangio,Fangio,http://en.wikipedia.org/wiki/Juan_Manuel_Fangio
14,,driver_JbUl3Nmu,IRL,1913-03-13,Joe,Irish,,kelly,Kelly,http://en.wikipedia.org/wiki/Joe_Kelly_(Formula_One)
15,,driver_6clklIgl,THA,1914-07-15,Prince,Thai,,bira,Bira,http://en.wikipedia.org/wiki/Prince_Bira
16,,driver_DixGrQHz,GBR,1909-12-28,David,British,,murray,Murray,http://en.wikipedia.org/wiki/David_Murray_(driver)
17,,driver_K2w3R9p1,GBR,1921-05-11,Geoff,British,,crossley,Crossley,http://en.wikipedia.org/wiki/Geoff_Crossley
18,,driver_6e3MUmGt,CHE,1914-05-18,Toulo,Swiss,,graffenried,de Graffenried,http://en.wikipedia.org/wiki/Toulo_de_Graffenried
19,,driver_yByLAncH,MCO,1899-08-03,Louis,Monegasque,,chiron,Chiron,http://en.wikipedia.org/wiki/Louis_Chiron
20,,driver_1o2Z03xA,FRA,1915-03-24,Eugène,French,,martin,Martin,http://en.wikipedia.org/wiki/Eug%C3%A8ne_Martin
21,,driver_BRO2SoRo,GBR,1912-10-07,Peter,British,,peter_walker,Walker,http://en.wikipedia.org/wiki/Peter_Walker_(driver)
22,,driver_00XwUfD0,GBR,1918-10-16,Tony,British,,rolt,Rolt,http://en.wikipedia.org/wiki/Tony_Rolt
23,,driver_vrf8Z1Ih,GBR,1912-03-22,Leslie,British,,leslie_johnson,Johnson,http://en.wikipedia.org/wiki/Leslie_Johnson_(racing_driver)
24,,driver_JcscnZhM,ITA,1918-07-13,Alberto,Italian,,ascari,Ascari,http://en.wikipedia.org/wiki/Alberto_Ascari
25,,driver_1Yt3ZoQb,FRA,1906-08-31,Raymond,French,,sommer,Sommer,http://en.wikipedia.org/wiki/Raymond_Sommer
26,,driver_wkSFgYxm,ITA,1909-05-16,Luigi,Italian,,villoresi,Villoresi,http://en.wikipedia.org/wiki/Luigi_Villoresi
27,,driver_SXXDAhYS,ARG,1922-10-05,José Froilán,Argentine,,gonzalez,González,http://en.wikipedia.org/wiki/Jos%C3%A9_Froil%C3%A1n_Gonz%C3%A1lez
28,,driver_7oWir3Eg,FRA,1917-04-12,Robert,French,,manzon,Manzon,http://en.wikipedia.org/wiki/Robert_Manzon
29,,driver_nZFsadwH,FRA,1917-10-30,Maurice,French,,trintignant,Trintignant,http://en.wikipedia.org/wiki/Maurice_Trintignant
30,,driver_hl2FzdCN,ITA,1908-06-05,Franco,Italian,,rol,Rol,http://en.wikipedia.org/wiki/Franco_Rol
31,,driver_lR3uUcuE,USA,1921-06-29,Harry,American,,schell,Schell,http://en.wikipedia.org/wiki/Harry_Schell
32,,driver_iJjRn5Tv,GBR,1914-11-12,Peter,British,,whitehead,Whitehead,http://en.wikipedia.org/wiki/Peter_Whitehead_(racing_driver)
33,,driver_nYkjfJDA,ARG,1912-10-21,Alfredo,Argentine,,pian,Pián,http://en.wikipedia.org/wiki/Alfredo_Pi%C3%A0n
34,,driver_Ndsronyc,USA,1918-07-04,Johnnie,American,,parsons,Parsons,http://en.wikipedia.org/wiki/Johnnie_Parsons
35,,driver_4WYLDz1H,USA,1907-12-18,Bill,American,,holland,Holland,http://en.wikipedia.org/wiki/Bill_Holland
36,,driver_i7UiPItP,USA,1906-05-26,Mauri,American,,rose,Rose,http://en.wikipedia.org/wiki/Mauri_Rose
37,,driver_f7C1GA11,USA,1919-09-30,Cecil,American,,green,Green,http://en.wikipedia.org/wiki/Cecil_Green
38,,driver_PhszAGaJ,USA,1916-09-12,Tony,American,,bettenhausen,Bettenhausen,http://en.wikipedia.org/wiki/Tony_Bettenhausen
39,,driver_gELyrYu0,USA,1912-04-14,Joie,American,,chitwood,Chitwood,http://en.wikipedia.org/wiki/Joie_Chitwood
40,,driver_DqPwk5ZE,USA,1910-09-07,Lee,American,,wallard,Wallard,http://en.wikipedia.org/wiki/Lee_Wallard
41,,driver_RAMiz1X4,USA,1920-02-16,Walt,American,,faulkner,Faulkner,http://en.wikipedia.org/wiki/Walt_Faulkner
42,,driver_2iTdi3c8,USA,1906-08-16,George,American,,george_connor,Connor,http://en.wikipedia.org/wiki/George_Connor_(driver)
43,,driver_tjvWRhki,USA,1914-04-10,Paul,American,,paul_russo,Russo,http://en.wikipedia.org/wiki/Paul_Russo
44,,driver_BuEuypIa,USA,1926-01-06,Pat,American,,flaherty,Flaherty,http://en.wikipedia.org/wiki/Pat_Flaherty_(racing_driver)
45,,driver_stZLYMPk,USA,1912-06-17,Myron,American,,fohr,Fohr,http://en.wikipedia.org/wiki/Myron_Fohr
46,,driver_pwBOKx7y,USA,1913-05-05,Duane,American,,darter,Carter,http://en.wikipedia.org/wiki/Duane_Carter
47,,driver_6LrKnIxD,USA,1915-09-14,Mack,American,,hellings,Hellings,http://en.wikipedia.org/wiki/Mack_Hellings
48,,driver_gbqmUQsI,USA,1919-10-08,Jack,American,,mcgrath,McGrath,http://en.wikipedia.org/wiki/Jack_McGrath_(racing_driver)
49,,driver_rmv7yFNB,USA,1930-03-11,Troy,American,,ruttman,Ruttman,http://en.wikipedia.org/wiki/Troy_Ruttman
50,,driver_ZsPuOa46,USA,1926-01-28,Gene,American,,hartley,Hartley,http://en.wikipedia.org/wiki/Gene_Hartley
51,,driver_apcB1WlU,USA,1929-08-08,Jimmy,American,,davies,Davies,http://en.wikipedia.org/wiki/Jimmy_Davies
52,,driver_sLFPTGG7,USA,1915-01-29,Johnny,American,,mcdowell,McDowell,http://en.wikipedia.org/wiki/Johnny_McDowell
53,,driver_H8QiWVfE,USA,1911-12-30,Walt,American,,walt_brown,Brown,http://en.wikipedia.org/wiki/Walt_Brown_(auto_racer)
54,,driver_ryjXcvYh,USA,1910-10-08,Travis,American,,webb,Webb,http://en.wikipedia.org/wiki/Travis_Webb
55,,driver_TLj6HDob,USA,1929-01-29,Jerry,American,,hoyt,Hoyt,http://en.wikipedia.org/wiki/Jerry_Hoyt
56,,driver_JvOfwYKa,USA,1913-12-15,Walt,American,,ader,Ader,http://en.wikipedia.org/wiki/Walt_Ader
57,,driver_So64gU5K,USA,1920-09-04,Jackie,American,,holmes,Holmes,http://en.wikipedia.org/wiki/Jackie_Holmes
58,,driver_Ntp27UdF,USA,1928-07-16,Jim,American,,rathmann,Rathmann,http://en.wikipedia.org/wiki/Jim_Rathmann
59,,driver_CqWrSK48,USA,1913-06-14,Henry,American,,banks,Banks,http://en.wikipedia.org/wiki/Henry_Banks
60,,driver_Gan7Zrbs,USA,1909-03-06,Bill,American,,schindler,Schindler,http://en.wikipedia.org/wiki/Bill_Schindler
61,,driver_sigF8Dlt,USA,1914-02-14,Bayliss,American,,levrett,Levrett,http://en.wikipedia.org/wiki/Bayliss_Levrett
62,,driver_O0uLUuYY,USA,1908-01-31,Bill,American,,cantrell,Cantrell,http://en.wikipedia.org/wiki/William_Cantrell
63,,driver_AGKcW4GK,USA,1913-08-21,Fred,American,,agabashian,Agabashian,http://en.wikipedia.org/wiki/Fred_Agabashian
64,,driver_d7lq5in4,USA,1910-07-25,Jimmy,American,,jackson,Jackson,http://en.wikipedia.org/wiki/Jimmy_Jackson_(driver)
65,,driver_aOrsqF4n,USA,1914-07-13,Sam,American,,hanks,Hanks,http://en.wikipedia.org/wiki/Sam_Hanks
66,,driver_hbPHVeJp,USA,1924-01-06,Dick,American,,dick_rathmann,Rathmann,http://en.wikipedia.org/wiki/Dick_Rathmann
67,,driver_V2jcq5x8,USA,1913-04-10,Duke,American,,dinsmore,Dinsmore,http://en.wikipedia.org/wiki/Duke_Dinsmore
68,,driver_Bx37ktxy,ITA,1903-06-09,Felice,Italian,,bonetto,Bonetto,http://en.wikipedia.org/wiki/Felice_Bonetto
69,,driver_iJeg8vCT,ITA,1911-10-11,Nello,Italian,,pagani,Pagani,http://en.wikipedia.org/wiki/Nello_Pagani
70,,driver_u4daLXIZ,CHE,1916-09-15,Toni,Swiss,,branca,Branca,http://en.wikipedia.org/wiki/Toni_Branca
71,,driver_EQWXAv9I,FRA,1905-12-22,Pierre,French,,levegh,Levegh,http://en.wikipedia.org/wiki/Pierre_Levegh
72,,driver_8hTvFNiS,FRA,1907-04-12,Eugène,French,,chaboud,Chaboud,http://en.wikipedia.org/wiki/Eug%C3%A8ne_Chaboud
73,,driver_9oRNXHh6,FRA,1909-08-27,Charles,French,,pozzi,Pozzi,http://en.wikipedia.org/wiki/Charles_Pozzi
74,,driver_XRab9IQI,ITA,1909-07-22,Dorino,Italian,,serafini,Serafini,http://en.wikipedia.org/wiki/Dorino_Serafini
75,,driver_cMojDpib,FRA,1910-08-10,Guy,French,,guy_mairesse,Mairesse,http://en.wikipedia.org/wiki/Guy_Mairesse
76,,driver_R3M0HQEU,ITA,1906-10-12,Piero,Italian,,taruffi,Taruffi,http://en.wikipedia.org/wiki/Piero_Taruffi
77,,driver_ZPvjKlWV,ITA,1898-08-18,Clemente,Italian,,biondetti,Biondetti,http://en.wikipedia.org/wiki/Clemente_Biondetti
78,,driver_QQhVJsyW,FRA,1910-01-25,Henri,French,,louveau,Louveau,http://en.wikipedia.org/wiki/Henri_Louveau
79,,driver_DHjtOX3g,ITA,1906-07-24,Franco,Italian,,comotti,Comotti,http://en.wikipedia.org/wiki/Franco_Comotti
80,,driver_ztJFh4nQ,ITA,1911-03-28,Consalvo,Italian,,sanesi,Sanesi,http://en.wikipedia.org/wiki/Consalvo_Sanesi
81,,driver_QEgY3SBo,DEU,1911-06-20,Paul,German,,pietsch,Pietsch,http://en.wikipedia.org/wiki/Paul_Pietsch
82,,driver_w6R86tvE,GBR,1929-09-17,Stirling,British,,moss,Moss,http://en.wikipedia.org/wiki/Stirling_Moss
83,,driver_Bsgb5vcT,CHE,1912-04-19,Rudi,Swiss,,fischer,Fischer,http://en.wikipedia.org/wiki/Rudi_Fischer
84,,driver_EkNJRy8p,GBR,1913-03-21,George,British,,abecassis,Abecassis,http://en.wikipedia.org/wiki/George_Abecassis
85,,driver_cEdE7spU,CHE,1910-03-30,Peter,Swiss,,hirt,Hirt,http://en.wikipedia.org/wiki/Peter_Hirt
86,,driver_ekQoEF9s,USA,1921-10-02,Mike,American,,nazaruk,Nazaruk,http://en.wikipedia.org/wiki/Mike_Nazaruk
87,,driver_VKe4MPE6,USA,1921-10-20,Manny,American,,ayulo,Ayulo,http://en.wikipedia.org/wiki/Manny_Ayulo
88,,driver_3UzToWrc,USA,1922-04-05,Andy,American,,linden,Linden,http://en.wikipedia.org/wiki/Andy_Linden_(racing_driver)
89,,driver_1hjujuAo,USA,1925-08-26,Bobby,American,,ball,Ball,http://en.wikipedia.org/wiki/Bobby_Ball_(auto_racer)
90,,driver_MgkUp9Qj,USA,1911-03-04,Carl,American,,forberg,Forberg,http://en.wikipedia.org/wiki/Carl_Forberg
91,,driver_J1XG78oX,USA,1913-03-02,Duke,American,,nalon,Nalon,http://en.wikipedia.org/wiki/Duke_Nalon
92,,driver_rAuPUw4t,USA,1916-06-15,Gene,American,,force,Force,http://en.wikipedia.org/wiki/Gene_Force
93,,driver_pY4StT6A,USA,1914-07-03,Carl,American,,scarborough,Scarborough,http://en.wikipedia.org/wiki/Carl_Scarborough
94,,driver_RPpuumfG,USA,1927-12-15,Bill,American,,mackey,Mackey,http://en.wikipedia.org/wiki/Bill_Mackey
95,,driver_d8kOkcey,USA,1919-10-15,Chuck,American,,stevenson,Stevenson,http://en.wikipedia.org/wiki/Chuck_Stevenson
96,,driver_7GXlNDkI,USA,1902-07-19,Chet,American,,miller,Miller,http://en.wikipedia.org/wiki/Chet_Miller
97,,driver_v8WGZbYp,USA,1921-01-10,Rodger,American,,ward,Ward,http://en.wikipedia.org/wiki/Rodger_Ward
98,,driver_keprcy2U,USA,1916-02-06,Cliff,American,,griffith,Griffith,http://en.wikipedia.org/wiki/Cliff_Griffith
99,,driver_9ZzwmXCS,USA,1918-12-13,Bill,American,,vukovich,Vukovich,http://en.wikipedia.org/wiki/Bill_Vukovich
100,,driver_aV2C0M7J,USA,1925-05-23,Joe,American,,james,James,http://en.wikipedia.org/wiki/Joe_James_(racing_driver)
101,,driver_zrLReZMS,BEL,1918-10-06,André,Belgian,,andre_pilette,Pilette,http://en.wikipedia.org/wiki/Andr%C3%A9_Pilette
102,,driver_GOsLneEa,FRA,1921-05-20,Aldo,French,,gordini,Gordini,http://en.wikipedia.org/wiki/Aldo_Gordini
103,,driver_78KqwRPe,FRA,1920-01-05,André,French,,simon,Simon,http://en.wikipedia.org/wiki/Andr%C3%A9_Simon_(racing_driver)
104,,driver_KZ2hgah3,ARG,1923-12-19,Onofre,Argentine,,marimon,Marimón,http://en.wikipedia.org/wiki/Onofre_Marim%C3%B3n
105,,driver_hIZZE03S,GBR,1920-04-30,Duncan,British,,duncan_hamilton,Hamilton,http://en.wikipedia.org/wiki/Duncan_Hamilton_(racing_driver)
106,,driver_tR7Shi0g,GBR,1907-09-22,Philip,British,,parker,Fotheringham-Parker,http://en.wikipedia.org/wiki/Philip_Fotheringham-Parker
107,,driver_Vko4of8v,GBR,1914-05-10,John,British,,john_james,James,http://en.wikipedia.org/wiki/John_James_(auto_racer)
108,,driver_tK4lwAbn,USA,1926-10-30,Jacques,American,,swaters,Swaters,http://en.wikipedia.org/wiki/Jacques_Swaters
109,,driver_OSXoHuXS,BRA,1907-07-14,Chico,Brazilian,,landi,Landi,http://en.wikipedia.org/wiki/Chico_Landi
110,,driver_XzSVPpa4,GBR,1911-08-21,Ken,British,,richardson,Richardson,http://en.wikipedia.org/wiki/Ken_Richardson_(race_car_driver)
111,,driver_JNt3htAB,ESP,1921-03-21,Paco,Spanish,,godia,Godia,http://en.wikipedia.org/wiki/Paco_Godia
112,,driver_C9yXS8GE,FRA,1905-07-25,Georges,French,,grignard,Grignard,http://en.wikipedia.org/wiki/Georges_Grignard
113,,driver_FI5YcddL,ESP,1903-11-23,Juan,Spanish,,jover,Jover,http://en.wikipedia.org/wiki/Juan_Jover
114,,driver_aKuX97Hh,FRA,1921-02-16,Jean,French,,behra,Behra,http://en.wikipedia.org/wiki/Jean_Behra
115,,driver_fxPg2rNJ,GBR,1916-03-21,Ken,British,,wharton,Wharton,http://en.wikipedia.org/wiki/Ken_Wharton
116,,driver_K1b6ZkpW,GBR,1919-11-20,Alan,British,,alan_brown,Brown,http://en.wikipedia.org/wiki/Alan_Brown_(racing_driver)
117,,driver_fh5883VB,GBR,1920-07-18,Eric,British,,brandon,Brandon,http://en.wikipedia.org/wiki/Eric_Brandon
118,,driver_XrKEzKCg,GBR,1919-09-02,Lance,British,,macklin,Macklin,http://en.wikipedia.org/wiki/Lance_Macklin
119,,driver_EMjlo9zh,GBR,1931-11-06,Peter,British,,collins,Collins,http://en.wikipedia.org/wiki/Peter_Collins_(racing_driver)
120,,driver_08GdiIgL,DEU,1900-12-27,Hans,German,,hans_stuck,von Stuck,http://en.wikipedia.org/wiki/Hans_Von_Stuck
121,,driver_RRltsTyT,DEU,1906-01-25,Toni,German,,ulmen,Ulmen,http://en.wikipedia.org/wiki/Toni_Ulmen
122,,driver_OClfHEeb,CHE,1918-10-06,Max,Swiss,,terra,de Terra,http://en.wikipedia.org/wiki/Max_de_Terra
123,,driver_bBljWXEp,USA,1918-01-24,Art,American,,cross,Cross,http://en.wikipedia.org/wiki/Art_Cross
124,,driver_jdaZXbfV,USA,1926-01-28,Jimmy,American,,bryan,Bryan,http://en.wikipedia.org/wiki/Jimmy_Bryan
125,,driver_tJ5rQhLc,USA,1929-11-17,Jimmy,American,,reece,Reece,http://en.wikipedia.org/wiki/Jimmy_Reece
126,,driver_YA0zxbMv,USA,1923-06-06,Jim,American,,rigsby,Rigsby,http://en.wikipedia.org/wiki/Jim_Rigsby
127,,driver_Y8TFklqJ,USA,1917-06-22,George,American,,fonder,Fonder,http://en.wikipedia.org/wiki/George_Fonder
128,,driver_uN302DZU,USA,1919-02-10,Eddie,American,,johnson,Johnson,http://en.wikipedia.org/wiki/Eddie_Johnson_(auto_racer)
129,,driver_jD9zTuhd,USA,1926-05-20,Bob,American,,sweikert,Sweikert,http://en.wikipedia.org/wiki/Bob_Sweikert
130,,driver_UBxaGXx0,USA,1928-10-04,Bob,American,,bob_scott,Scott,http://en.wikipedia.org/wiki/Bob_Scott_(auto_racer)
131,,driver_tJVdg7WR,GBR,1929-04-10,Mike,British,,hawthorn,Hawthorn,http://en.wikipedia.org/wiki/Mike_Hawthorn
132,,driver_hK7YEdqc,BEL,1917-01-30,Paul,Belgian,,frere,Frère,http://en.wikipedia.org/wiki/Paul_Fr%C3%A8re
133,,driver_nHwoj89m,BEL,1927-06-07,Charles,Belgian,,tornaco,de Tornaco,http://en.wikipedia.org/wiki/Charles_de_Tornaco
134,,driver_VSmBu2ja,BEL,1913-02-21,Roger,Belgian,,laurent,Laurent,http://en.wikipedia.org/wiki/Roger_Laurent
135,,driver_skpIbFy4,BEL,1898-11-01,Arthur,Belgian,,legat,Legat,http://en.wikipedia.org/wiki/Arthur_Legat
136,,driver_DHPcvwbQ,USA,1908-04-11,Robert,American,,obrien,O'Brien,http://en.wikipedia.org/wiki/Robert_O%27Brien_(auto_racer)
137,,driver_9u7QmeFy,AUS,1920-02-03,Tony,Australian,,gaze,Gaze,http://en.wikipedia.org/wiki/Tony_Gaze
138,,driver_Qca8d88U,GBR,1915-06-23,Robin,British,,charrington,Montgomerie-Charrington,http://en.wikipedia.org/wiki/Robin_Montgomerie-Charrington
139,,driver_sunTsfaB,ITA,1921-03-06,Piero,Italian,,carini,Carini,http://en.wikipedia.org/wiki/Piero_Carini
140,,driver_mhwjKuz4,GBR,1916-08-19,Dennis,British,,poore,Poore,http://en.wikipedia.org/wiki/Dennis_Poore
141,,driver_ZV3ZxMjb,GBR,1919-11-04,Eric,British,,thompson,Thompson,http://en.wikipedia.org/wiki/Eric_Thompson_(racing_driver)
142,,driver_5ys9cvqh,GBR,1922-05-12,Roy,British,,salvadori,Salvadori,http://en.wikipedia.org/wiki/Roy_Salvadori
143,,driver_GkpAv0hh,GBR,1917-12-05,Ken,British,,downing,Downing,http://en.wikipedia.org/wiki/Ken_Downing
144,,driver_eAXsOkpJ,GBR,1922-04-15,Graham,British,,graham_whitehead,Whitehead,http://en.wikipedia.org/wiki/Graham_Whitehead
145,,driver_yrcw4QPe,GBR,1920-09-21,Kenneth,British,,mcalpine,McAlpine,http://en.wikipedia.org/wiki/Kenneth_McAlpine
146,,driver_eIXMeQt1,BRA,1916-07-22,Gino,Brazilian,,bianco,Bianco,http://en.wikipedia.org/wiki/Gino_Bianco
147,,driver_NklcrvDm,GBR,1920-02-16,Tony,British,,crook,Crook,http://en.wikipedia.org/wiki/Tony_Crook
148,,driver_aiLYaid7,URY,1906-10-04,Eitel,Uruguayan,,cantoni,Cantoni,http://en.wikipedia.org/wiki/Eitel_Cantoni
149,,driver_Qn3lJsFL,GBR,1900-03-29,Bill,British,,aston,Aston,http://en.wikipedia.org/wiki/Bill_Aston
150,,driver_4glDg4n2,DEU,1922-07-11,Fritz,German,,riess,Riess,http://en.wikipedia.org/wiki/Fritz_Riess
151,,driver_uKHFR1go,DEU,1915-11-29,Helmut,German,,niedermayr,Niedermayr,http://en.wikipedia.org/wiki/Helmut_Niedermayr
152,,driver_oC8bvkID,DEU,1919-10-28,Hans,German,,klenk,Klenk,http://en.wikipedia.org/wiki/Hans_Klenk
153,,driver_GQu4zYVN,DEU,1903-05-23,Ernst,East German,,klodwig,Klodwig,http://en.wikipedia.org/wiki/Ernst_Klodwig
154,,driver_k0N5L106,DEU,1922-02-13,Willi,German,,heeks,Heeks,http://en.wikipedia.org/wiki/Willi_Heeks
155,,driver_6lvsVAJt,DEU,1899-10-15,Adolf,German,,brudes,Brudes,http://en.wikipedia.org/wiki/Adolf_Brudes
156,,driver_ELChM5SI,FRA,1909-01-01,Marcel,French,,balsa,Balsa,http://en.wikipedia.org/wiki/Marcel_Balsa
157,,driver_8O3yNtrg,DEU,1921-12-21,Günther,German,,bechem,Bechem,http://en.wikipedia.org/wiki/G%C3%BCnther_Bechem
158,,driver_qAHAloz3,DEU,1907-03-30,Rudolf,East German,,krause,Krause,http://en.wikipedia.org/wiki/Rudolf_Krause
159,,driver_dlCwUWLO,CHE,1902-04-27,Rudolf,Swiss,,schoeller,Schoeller,http://en.wikipedia.org/wiki/Rudolf_Schoeller
160,,driver_8Vw6KIQs,DEU,1913-05-13,Theo,German,,helfrich,Helfrich,http://en.wikipedia.org/wiki/Theo_Helfrich
161,,driver_MwEZKD75,DEU,1914-09-16,Josef,German,,peters,Peters,http://en.wikipedia.org/wiki/Josef_Peters_(driver)
162,,driver_2AxaFZO4,NLD,1919-10-02,Jan,Dutch,,flinterman,Flinterman,http://en.wikipedia.org/wiki/Jan_Flinterman
163,,driver_c7j6NWfH,NLD,1919-08-23,Dries,Dutch,,lof,van der Lof,http://en.wikipedia.org/wiki/Dries_van_der_Lof
164,,driver_VQVJbfn4,FRA,1914-02-28,Élie,French,,bayol,Bayol,http://en.wikipedia.org/wiki/%C3%89lie_Bayol
165,,driver_sz1kKM70,ARG,1920-01-16,Alberto,Argentine,,crespo,Crespo,http://en.wikipedia.org/wiki/Alberto_Crespo
166,,driver_jcoNWDEr,ITA,1899-10-13,Piero,Italian,,dusio,Dusio,http://en.wikipedia.org/wiki/Piero_Dusio
167,,driver_ZGuGXLfv,ARG,1913-08-17,Oscar,Argentine,,galvez,Gálvez,http://en.wikipedia.org/wiki/%C3%93scar_Alfredo_G%C3%A1lvez
168,,driver_Ztxx8fme,GBR,1929-07-22,John,British,,john_barber,Barber,http://en.wikipedia.org/wiki/John_Barber_(racing_driver)
169,,driver_wJqSLDsE,ARG,1914-08-10,Carlos,Argentine,,menditeguy,Menditeguy,http://en.wikipedia.org/wiki/Carlos_Menditeguy
170,,driver_FzgkhlsC,ARG,1924-01-07,Pablo,Argentine,,birger,Birger,http://en.wikipedia.org/wiki/Pablo_Birger
171,,driver_rmjOuq2M,ARG,1923-06-28,Adolfo,Argentine,,cruz,Cruz,http://en.wikipedia.org/wiki/Adolfo_Schewelm_Cruz
172,,driver_ekARyIjX,USA,1924-08-28,Jimmy,American,,daywalt,Daywalt,http://en.wikipedia.org/wiki/Jimmy_Daywalt
173,,driver_73cJftuL,USA,1921-02-19,Ernie,American,,mccoy,McCoy,http://en.wikipedia.org/wiki/Ernie_McCoy
174,,driver_bYTAZlPI,USA,1918-09-18,Johnny,American,,mantz,Mantz,http://en.wikipedia.org/wiki/Johnny_Mantz
175,,driver_QPVOmywM,USA,1921-02-22,Marshall,American,,teague,Teague,http://en.wikipedia.org/wiki/Marshall_Teague_(racing_driver)
176,,driver_qmktqsTG,USA,1922-04-09,Johnny,American,,thomson,Thomson,http://en.wikipedia.org/wiki/Johnny_Thomson
177,,driver_MWvKdEPb,USA,1925-03-25,Don,American,,freeland,Freeland,http://en.wikipedia.org/wiki/Don_Freeland
178,,driver_9cFwKYif,USA,1914-04-29,Cal,American,,niday,Niday,http://en.wikipedia.org/wiki/Cal_Niday
179,,driver_4Ku5dG5x,ARG,1924-12-03,Roberto,Argentine,,mieres,Mieres,http://en.wikipedia.org/wiki/Roberto_Mieres
180,,driver_YT9AdnvQ,USA,1918-07-10,Fred,American,,wacker,Wacker,http://en.wikipedia.org/wiki/Fred_Wacker
181,,driver_PxoQiAy3,BEL,1918-09-14,Georges,Belgian,,georges_berger,Berger,http://en.wikipedia.org/wiki/Georges_Berger
182,,driver_8OlCPxbk,GBR,1931-03-06,Jimmy,British,,jimmy_stewart,Stewart,http://en.wikipedia.org/wiki/Jimmy_Stewart_(racing_driver)
183,,driver_ujdZpQmt,GBR,1913-03-15,Jack,British,,fairman,Fairman,http://en.wikipedia.org/wiki/Jack_Fairman
184,,driver_DVa70QcI,GBR,1929-07-15,Ian,British,,ian_stewart,Stewart,http://en.wikipedia.org/wiki/Ian_Stewart_(racing_driver)
185,,driver_e6u0apMP,DEU,1928-02-23,Hans,German,,herrmann,Herrmann,http://en.wikipedia.org/wiki/Hans_Herrmann
186,,driver_gg6W5Ed7,GBR,1929-06-26,Rodney,British,,nuckey,Nuckey,http://en.wikipedia.org/wiki/Rodney_Nuckey
187,,driver_lAsn6GAs,DEU,1926-07-04,Wolfgang,German,,seidel,Seidel,http://en.wikipedia.org/wiki/Wolfgang_Seidel
188,,driver_xSdYQS3C,DEU,1917-01-26,Edgar,German,,barth,Barth,http://en.wikipedia.org/wiki/Edgar_Barth
189,,driver_2p1qnqYl,DEU,1917-03-06,Oswald,German,,karch,Karch,http://en.wikipedia.org/wiki/Oswald_Karch
190,,driver_xapLb55l,DEU,1923-02-10,Theo,East German,,fitzau,Fitzau,http://en.wikipedia.org/wiki/Theo_Fitzau
191,,driver_mMopYdgx,DEU,1921-11-05,Kurt,German,,adolff,Adolff,http://en.wikipedia.org/wiki/Kurt_Adolff
192,,driver_INDGfjg3,DEU,1912-07-17,Erwin,German,,bauer,Bauer,http://en.wikipedia.org/wiki/Erwin_Bauer
193,,driver_yb3ut8Rt,DEU,1907-07-04,Ernst,German,,loof,Loof,http://en.wikipedia.org/wiki/Ernst_Loof
194,,driver_mtAP33zp,DEU,1909-04-06,Hermann,German,,lang,Lang,http://en.wikipedia.org/wiki/Hermann_Lang
195,,driver_DGT3xXZF,CHE,1908-02-28,Albert,Swiss,,scherrer,Scherrer,http://en.wikipedia.org/wiki/Albert_Scherrer
196,,driver_R9v4RzMf,ITA,1924-07-28,Luigi,Italian,,musso,Musso,http://en.wikipedia.org/wiki/Luigi_Musso
197,,driver_BfKEw2xb,ITA,1929-05-22,Sergio,Italian,,mantovani,Mantovani,http://en.wikipedia.org/wiki/Sergio_Mantovani
198,,driver_Fla8jwbN,ITA,1928-06-05,Umberto,Italian,,maglioli,Maglioli,http://en.wikipedia.org/wiki/Umberto_Maglioli
199,,driver_vaZEk22a,USA,1917-08-04,John,American,,fitch,Fitch,http://en.wikipedia.org/wiki/John_Fitch_(driver)
200,,driver_mHLrrTai,FRA,1907-08-05,Roger,French,,loyer,Loyer,http://en.wikipedia.org/wiki/Roger_Loyer
201,,driver_5UtJ3LKm,ARG,1923-06-05,Jorge,Argentine,,daponte,Daponte,http://en.wikipedia.org/wiki/Jorge_Daponte
202,,driver_cPAMgx3z,USA,1926-10-23,Larry,American,,crockett,Crockett,http://en.wikipedia.org/wiki/Larry_Crockett
203,,driver_y9gQVDdI,USA,1926-12-09,Ed,American,,elisian,Elisian,http://en.wikipedia.org/wiki/Ed_Elisian
204,,driver_1G8MlcaB,USA,1918-10-12,Frank,American,,armi,Armi,http://en.wikipedia.org/wiki/Frank_Armi
205,,driver_Lm3YmNMI,USA,1928-10-09,Pat,American,,connor,O'Connor,http://en.wikipedia.org/wiki/Pat_O%27Connor_(auto_racer)
206,,driver_IWHHgmn6,USA,1917-02-10,Danny,American,,kladis,Kladis,http://en.wikipedia.org/wiki/Danny_Kladis
207,,driver_4XwIDJvQ,USA,1911-07-25,Len,American,,duncan,Duncan,http://en.wikipedia.org/wiki/Len_Duncan
208,,driver_Rv6KjDXc,USA,1918-08-31,Bill,American,,homeier,Homeier,http://en.wikipedia.org/wiki/Bill_Homeier
209,,driver_FxNy20v4,DEU,1910-09-16,Karl,German,,kling,Kling,http://en.wikipedia.org/wiki/Karl_Kling
210,,driver_qqxZCr1l,FRA,1922-07-02,Jacques,French,,pollet,Pollet,http://en.wikipedia.org/wiki/Jacques_Pollet
211,,driver_G6QbxaaN,GBR,1928-07-26,Don,British,,beauman,Beauman,http://en.wikipedia.org/wiki/Don_Beauman
212,,driver_I0Y5fNX3,GBR,1922-08-14,Leslie,British,,marr,Marr,http://en.wikipedia.org/wiki/Leslie_Marr
213,,driver_b2E9pD2U,GBR,1916-06-23,Leslie,British,,thorne,Thorne,http://en.wikipedia.org/wiki/Leslie_Thorne
214,,driver_bcSLNCKV,GBR,1918-09-20,Horace,British,,gould,Gould,http://en.wikipedia.org/wiki/Horace_Gould
215,,driver_BXYng6JT,GBR,1909-04-01,Bill,British,,whitehouse,Whitehouse,http://en.wikipedia.org/wiki/Bill_Whitehouse
216,,driver_Vcb8MOWd,GBR,1923-06-16,Ron,British,,flockhart,Flockhart,http://en.wikipedia.org/wiki/Ron_Flockhart_(auto_racing)
217,,driver_P3DnunLo,GBR,1924-01-17,John,British,,riseley_prichard,Riseley-Prichard,http://en.wikipedia.org/wiki/John_Riseley-Prichard
218,,driver_5saiqL7b,ARG,1920-09-04,Clemar,Argentine,,bucci,Bucci,http://en.wikipedia.org/wiki/Clemar_Bucci
219,,driver_xMBT1ckc,ITA,1925-03-10,Giovanni,Italian,,riu,de Riu,http://en.wikipedia.org/wiki/Giovanni_de_Riu
220,,driver_JVJHyF3X,CHE,1917-12-07,Ottorino,Swiss,,volonterio,Volonterio,http://en.wikipedia.org/wiki/Ottorino_Volonterio
221,,driver_T6Ef1r96,ARG,1922-02-22,Jesús,Argentine,,iglesias,Iglesias,http://en.wikipedia.org/wiki/Jes%C3%BAs_Iglesias
222,,driver_phksPFuw,ITA,1930-10-10,Eugenio,Italian,,castellotti,Castellotti,http://en.wikipedia.org/wiki/Eugenio_Castellotti
223,,driver_zlSmwiT7,URY,1924-07-11,Alberto,Uruguayan,,uria,Uria,http://en.wikipedia.org/wiki/Alberto_Uria
224,,driver_DyXdBBCM,ITA,1932-10-21,Cesare,Italian,,perdisa,Perdisa,http://en.wikipedia.org/wiki/Cesare_Perdisa
225,,driver_l75ehmhj,GBR,1928-11-01,Ted,British,,whiteaway,Whiteaway,http://en.wikipedia.org/wiki/Ted_Whiteaway
226,,driver_EkvpDFOh,USA,1927-03-15,Al,American,,herman,Herman,http://en.wikipedia.org/wiki/Al_Herman
227,,driver_l9oXjdCn,USA,1923-04-03,Chuck,American,,weyant,Weyant,http://en.wikipedia.org/wiki/Chuck_Weyant
228,,driver_s7lFGVwZ,USA,1919-08-12,Shorty,American,,templeman,Templeman,http://en.wikipedia.org/wiki/Shorty_Templeman
229,,driver_wNlpAF93,USA,1920-06-15,Keith,American,,andrews,Andrews,http://en.wikipedia.org/wiki/Keith_Andrews_(driver)
230,,driver_odGgXwQC,USA,1925-11-19,Eddie,American,,russo,Russo,http://en.wikipedia.org/wiki/Eddie_Russo
231,,driver_orvRS7br,USA,1915-10-26,Ray,American,,ray_crawford,Crawford,http://en.wikipedia.org/wiki/Ray_Crawford
232,,driver_PqZfby8v,USA,1920-04-11,Al,American,,keller,Keller,http://en.wikipedia.org/wiki/Al_Keller
233,,driver_uek7skhY,USA,1926-08-19,Johnny,American,,boyd,Boyd,http://en.wikipedia.org/wiki/Johnny_Boyd
234,,driver_dYkKhzKx,BRA,1925-12-07,Hernando,Brazilian,,ramos,da Silva Ramos,http://en.wikipedia.org/wiki/Hernando_da_Silva_Ramos
235,,driver_rK18pE7P,FRA,1930-06-16,Mike,French,,sparken,Sparken,http://en.wikipedia.org/wiki/Mike_Sparken
236,,driver_nH1aJ0CT,AUS,1926-04-02,Jack,Australian,,jack_brabham,Brabham,http://en.wikipedia.org/wiki/Jack_Brabham
237,,driver_uNRXN452,FRA,1917-04-25,Jean,French,,lucas,Lucas,http://en.wikipedia.org/wiki/Jean_Lucas
238,,driver_NTMeV0QA,ITA,1913-10-27,Luigi,Italian,,piotti,Piotti,http://en.wikipedia.org/wiki/Luigi_Piotti
239,,driver_AQX1wdAF,ITA,1928-08-10,Gerino,Italian,,gerini,Gerini,http://en.wikipedia.org/wiki/Gerino_Gerini_(racing_driver)
240,,driver_zMr7msYe,BEL,1924-01-12,Olivier,Belgian,,gendebien,Gendebien,http://en.wikipedia.org/wiki/Olivier_Gendebien
241,,driver_dwActz0A,URY,1923-11-10,Óscar,Uruguayan,,oscar_gonzalez,González,http://en.wikipedia.org/wiki/%C3%93scar_Gonz%C3%A1lez_(racing_driver)
242,,driver_A1Mvak9o,ITA,1921-10-02,Giorgio,Italian,,scarlatti,Scarlatti,http://en.wikipedia.org/wiki/Giorgio_Scarlatti
243,,driver_tDtWN7DN,GBR,1932-02-25,Tony,British,,brooks,Brooks,http://en.wikipedia.org/wiki/Tony_Brooks
244,,driver_O1OzXAB9,USA,1926-11-01,Bob,American,,veith,Veith,http://en.wikipedia.org/wiki/Bob_Veith
245,,driver_tTDgzTyR,USA,1924-04-04,Bob,American,,christie,Christie,http://en.wikipedia.org/wiki/Bob_Christie_(racing_driver)
246,,driver_Wq8Q3YZl,USA,1933-04-24,Billy,American,,garrett,Garrett,http://en.wikipedia.org/wiki/Billy_Garrett
247,,driver_0R0828br,USA,1917-10-22,Johnnie,American,,tolan,Tolan,http://en.wikipedia.org/wiki/Johnnie_Tolan
248,,driver_CyszNbvi,USA,1920-02-12,Jack,American,,turner,Turner,http://en.wikipedia.org/wiki/Jack_Turner_(driver)
249,,driver_hZwC7d0N,ITA,1909-11-11,Piero,Italian,,scotti,Scotti,http://en.wikipedia.org/wiki/Piero_Scotti
250,,driver_U3kYcOFa,ESP,1928-10-11,Alfonso,Spanish,,portago,de Portago,http://en.wikipedia.org/wiki/Alfonso_de_Portago
251,,driver_PzyIXcYt,GBR,1928-05-19,Colin,British,,chapman,Chapman,http://en.wikipedia.org/wiki/Colin_Chapman
252,,driver_ocHzL1kH,GBR,1928-05-01,Desmond,British,,titterington,Titterington,http://en.wikipedia.org/wiki/Desmond_Titterington
253,,driver_M6GI7wQR,GBR,1931-05-18,Bruce,British,,halford,Halford,http://en.wikipedia.org/wiki/Bruce_Halford
254,,driver_vyibvdjt,GBR,1927-05-13,Archie,British,,scott_Brown,Scott Brown,http://en.wikipedia.org/wiki/Archie_Scott_Brown
255,,driver_R31KYZyd,GBR,1916-11-12,Paul,British,,emery,Emery,http://en.wikipedia.org/wiki/Paul_Emery
256,,driver_Z3ZQ7DVb,BEL,1928-12-09,André,Belgian,,milhoux,Milhoux,http://en.wikipedia.org/wiki/Andr%C3%A9_Milhoux
257,,driver_2RyIuJcK,SWE,1930-01-31,Jo,Swedish,,bonnier,Bonnier,http://en.wikipedia.org/wiki/Joakim_Bonnier
258,,driver_5FX2tbsc,GBR,1920-12-16,Les,British,,leston,Leston,http://en.wikipedia.org/wiki/Les_Leston
259,,driver_kpnWbx3q,DEU,1928-05-04,Wolfgang,German,,trips,von Trips,http://en.wikipedia.org/wiki/Wolfgang_Graf_Berghe_von_Trips
260,,driver_e9E9txmm,ARG,1928-07-10,Alessandro,Argentine,,tomaso,de Tomaso,http://en.wikipedia.org/wiki/Alessandro_de_Tomaso
261,,driver_8i6dN9Hs,USA,1932-02-29,Masten,American,,gregory,Gregory,http://en.wikipedia.org/wiki/Masten_Gregory
262,,driver_zG6hq1UY,GBR,1930-04-20,Stuart,British,,lewis-evans,Lewis-Evans,http://en.wikipedia.org/wiki/Stuart_Lewis-Evans
263,,driver_Y2NsX8s2,GBR,1923-06-06,Ivor,British,,bueb,Bueb,http://en.wikipedia.org/wiki/Ivor_Bueb
264,,driver_V09yfGOL,USA,1930-09-23,Don,American,,edmunds,Edmunds,http://en.wikipedia.org/wiki/Don_Edmunds
265,,driver_SGnBu0dr,USA,1927-05-28,Eddie,American,,sachs,Sachs,http://en.wikipedia.org/wiki/Eddie_Sachs
266,,driver_0Yo7TUNy,USA,1920-02-08,Mike,American,,magill,Magill,http://en.wikipedia.org/wiki/Mike_Magill
267,,driver_bzPPuFxC,USA,1927-06-12,Bill,American,,cheesbourg,Cheesbourg,http://en.wikipedia.org/wiki/Bill_Cheesbourg
268,,driver_i0WZQ1lQ,USA,1928-07-15,Elmer,American,,george,George,http://en.wikipedia.org/wiki/Elmer_George
269,,driver_njFJpbf7,GBR,1932-09-13,Mike,British,,macdowel,MacDowel,http://en.wikipedia.org/wiki/Mike_MacDowel
270,,driver_AlJbandX,USA,1927-06-23,Herbert,American,,mackay-fraser,MacKay-Fraser,http://en.wikipedia.org/wiki/Herbert_MacKay-Fraser
271,,driver_aAksrF4J,GBR,1923-03-24,Brian,British,,naylor,Naylor,http://en.wikipedia.org/wiki/Brian_Naylor
272,,driver_JgVznoGx,NLD,1934-04-10,Carel Godin,Dutch,,beaufort,de Beaufort,http://en.wikipedia.org/wiki/Carel_Godin_de_Beaufort
273,,driver_2NhfDdmn,GBR,1931-07-20,Tony,British,,marsh,Marsh,http://en.wikipedia.org/wiki/Tony_Marsh_(racing_driver)
274,,driver_EVtiP8rF,AUS,1929-03-28,Paul,Australian,,england,England,http://en.wikipedia.org/wiki/Paul_England
275,,driver_VOuhmB80,GBR,1918-04-16,Dick,British,,gibson,Gibson,http://en.wikipedia.org/wiki/Dick_Gibson
276,,driver_kSETEdJp,GBR,1932-02-08,Cliff,British,,allison,Allison,http://en.wikipedia.org/wiki/Cliff_Allison
277,,driver_fq0Cdhjo,GBR,1929-02-15,Graham,British,,hill,Hill,http://en.wikipedia.org/wiki/Graham_Hill
278,,driver_WiXfvSGF,AUS,1923-12-12,Ken,Australian,,kavanagh,Kavanagh,http://en.wikipedia.org/wiki/Ken_Kavanagh
279,,driver_royP1df5,USA,1936-03-23,Bruce,American,,kessler,Kessler,http://en.wikipedia.org/wiki/Bruce_Kessler
280,,driver_eKDnLIDl,ITA,1926-11-11,Maria,Italian,,filippis,de Filippis,http://en.wikipedia.org/wiki/Maria_Teresa_de_Filippis
281,,driver_aWY0B1zw,MCO,1926-04-13,André,Monegasque,,testut,Testut,http://en.wikipedia.org/wiki/Andr%C3%A9_Testut
282,,driver_znDS6Jbo,ITA,1923-02-19,Giulio,Italian,,cabianca,Cabianca,http://en.wikipedia.org/wiki/Giulio_Cabianca
283,,driver_2iwFXXxp,GBR,1930-10-28,Bernie,British,,ecclestone,Ecclestone,http://en.wikipedia.org/wiki/Bernie_Ecclestone
284,,driver_HcKg9Ksm,ITA,1932-05-05,Luigi,Italian,,taramazzo,Taramazzo,http://en.wikipedia.org/wiki/Luigi_Taramazzo
285,,driver_ykX8xdbp,USA,1924-10-24,George,American,,george_amick,Amick,http://en.wikipedia.org/wiki/George_Amick
286,,driver_Gme2u5qa,USA,1923-01-21,Jud,American,,larson,Larson,http://en.wikipedia.org/wiki/Jud_Larson
287,,driver_rBCPeYmU,USA,1927-03-11,Dempsey,American,,dempsey_wilson,Wilson,http://en.wikipedia.org/wiki/Dempsey_Wilson
288,,driver_8aEJahyw,USA,1935-01-16,Anthony,American,,foyt,Foyt,http://en.wikipedia.org/wiki/A.J._Foyt
289,,driver_cKYUaFrR,USA,1925-10-02,Paul,American,,goldsmith,Goldsmith,http://en.wikipedia.org/wiki/Paul_Goldsmith
290,,driver_wOoTeb6Y,USA,1932-11-15,Jerry,American,,jerry_unser,Unser,http://en.wikipedia.org/wiki/Jerry_Unser
291,,driver_tvmsTKQ3,USA,1925-08-09,Len,American,,sutton,Sutton,http://en.wikipedia.org/wiki/Len_Sutton
292,,driver_xGJM3RpX,USA,1926-11-10,Art,American,,bisch,Bisch,http://en.wikipedia.org/wiki/Art_Bisch
293,,driver_0Rv1smUb,USA,1927-04-20,Phil,American,,phil_hill,Hill,http://en.wikipedia.org/wiki/Phil_Hill
294,,driver_wJVdTxKQ,USA,1923-01-11,Carroll,American,,shelby,Shelby,http://en.wikipedia.org/wiki/Carroll_Shelby
295,,driver_lOIbeSfK,GBR,1930-07-06,Ian,British,,burgess,Burgess,http://en.wikipedia.org/wiki/Ian_Burgess
296,,driver_iAp7ersQ,GBR,1933-08-29,Alan,British,,stacey,Stacey,http://en.wikipedia.org/wiki/Alan_Stacey
297,,driver_SC7BbR1C,NZL,1937-08-30,Bruce,New Zealander,,mclaren,McLaren,http://en.wikipedia.org/wiki/Bruce_McLaren
298,,driver_yRyFEv0Z,BEL,1928-08-04,Christian,Belgian,,goethals,Goethals,http://en.wikipedia.org/wiki/Christian_Goethals
299,,driver_hocrJ1Ad,FRA,1917-02-26,Robert,French,,la_caze,La Caze,http://en.wikipedia.org/wiki/Robert_La_Caze
300,,driver_E3elvaPw,FRA,1919-05-06,André,French,,guelfi,Guelfi,http://en.wikipedia.org/wiki/Andr%C3%A9_Guelfi
301,,driver_p5XFIYfB,FRA,1921-04-26,François,French,,picard,Picard,http://en.wikipedia.org/wiki/Fran%C3%A7ois_Picard
302,,driver_kmsL6yD8,GBR,1934-06-24,Tom,British,,bridger,Bridger,http://en.wikipedia.org/wiki/Tom_Bridger
303,,driver_wQjSJshf,BEL,1922-02-05,Alain,Belgian,,Changy,de Changy,http://en.wikipedia.org/wiki/Alain_de_Changy
304,BIA,driver_4bJCuEHq,BEL,1934-11-10,Lucien,Belgian,,bianchi,Bianchi,http://en.wikipedia.org/wiki/Lucien_Bianchi
305,,driver_HG4z1fQr,USA,1926-04-11,Pete,American,,lovely,Lovely,http://en.wikipedia.org/wiki/Pete_Lovely
306,,driver_Anh0uMoi,FRA,1923-01-07,Jean,French,,lucienbonnet,Lucienbonnet,http://en.wikipedia.org/wiki/Jean_Lucienbonnet
307,,driver_P2YQvHSt,USA,1926-05-30,Chuck,American,,arnold,Arnold,http://en.wikipedia.org/wiki/Chuck_Arnold
308,,driver_kLTupJvi,USA,1927-07-04,Jim,American,,mcwithey,McWithey,http://en.wikipedia.org/wiki/Jim_McWithey
309,,driver_wlxMbj2Q,USA,1920-06-02,Don,American,,branson,Branson,http://en.wikipedia.org/wiki/Don_Branson
310,,driver_XUXJ3cN2,USA,1924-09-04,Bobby,American,,grim,Grim,http://en.wikipedia.org/wiki/Bobby_Grim
311,,driver_kWzQr51h,USA,1929-01-19,Red,American,,amick,Amick,http://en.wikipedia.org/wiki/Red_Amick
312,,driver_aTseCE08,GBR,1930-06-12,Innes,British,,ireland,Ireland,http://en.wikipedia.org/wiki/Innes_Ireland
313,,driver_1zQvI7kS,BRA,1938-03-25,Fritz,Brazilian,,orey,d'Orey,http://en.wikipedia.org/wiki/Fritz_d%27Orey
314,,driver_ywnZvkxc,USA,1931-04-13,Dan,American,,gurney,Gurney,http://en.wikipedia.org/wiki/Dan_Gurney
315,,driver_8aob2o4b,GBR,1933-07-29,Colin,British,,davis,Davis,http://en.wikipedia.org/wiki/Colin_Davis_(driver)
316,,driver_eKN0kVMw,URY,1922-12-26,Azdrubal,Uruguayan,,fontes,Fontes,http://en.wikipedia.org/wiki/Azdrubal_Fontes
317,,driver_ZFjZyryA,GBR,1937-12-02,Chris,British,,bristow,Bristow,http://en.wikipedia.org/wiki/Chris_Bristow
318,,driver_Anw7K1VY,GBR,1932-12-16,Henry,British,,henry_taylor,Taylor,http://en.wikipedia.org/wiki/Henry_Taylor_(racing_driver)
319,,driver_GDI5ZYoD,GBR,1934-10-16,Peter,British,,ashdown,Ashdown,http://en.wikipedia.org/wiki/Peter_Ashdown
320,,driver_lyH7ANLV,GBR,1930-12-02,David,British,,piper,Piper,http://en.wikipedia.org/wiki/David_Piper
321,,driver_Jn1N5YKu,GBR,1934-04-24,Mike,British,,mike_taylor,Taylor,http://en.wikipedia.org/wiki/Mike_Taylor_(driver)
322,,driver_0BOQRtu9,GBR,1938-01-05,Keith,British,,greene,Greene,http://en.wikipedia.org/wiki/Keith_Greene
323,,driver_qWhsEK6p,GBR,1933-09-04,Bill,British,,bill_moss,Moss,http://en.wikipedia.org/wiki/Bill_Moss_(racing_driver)
324,,driver_yv9icHgN,GBR,1931-09-24,Mike,British,,parkes,Parkes,http://en.wikipedia.org/wiki/Mike_Parkes
325,,driver_PnlFaiR5,GBR,1921-06-12,Dennis,British,,dennis_taylor,Taylor,http://en.wikipedia.org/wiki/Dennis_Taylor_(racing_driver)
326,,driver_raESLbgQ,GBR,1936-12-26,Trevor,British,,trevor_taylor,Taylor,http://en.wikipedia.org/wiki/Trevor_Taylor
327,,driver_a7856cHn,GBR,1932-06-25,Tim,British,,parnell,Parnell,http://en.wikipedia.org/wiki/Tim_Parnell
328,,driver_df6diWQo,PRT,1934-01-15,Mário de Araújo,Portuguese,,cabral,Cabral,http://en.wikipedia.org/wiki/Mario_de_Araujo_Cabral
329,,driver_MvLLQvs9,USA,1929-06-13,Harry,American,,blanchard,Blanchard,http://en.wikipedia.org/wiki/Harry_Blanchard
330,,driver_FWvD4Ip8,USA,1918-02-22,George,American,,constantine,Constantine,http://en.wikipedia.org/wiki/George_Constantine
331,,driver_4xa7Y8mV,USA,1932-05-05,Bob,American,,said,Said,http://en.wikipedia.org/wiki/Bob_Said
332,,driver_ZgAMzd08,USA,1916-06-12,Phil,American,,cade,Cade,http://en.wikipedia.org/wiki/Phil_Cade
333,,driver_ISq4bk0b,ARG,1934-01-14,Alberto Rodriguez,Argentine,,larreta,Larreta,http://en.wikipedia.org/wiki/Alberto_Rodriguez_Larreta
334,,driver_NBYeRlFJ,ARG,1919-09-30,Roberto,Argentine,,bonomi,Bonomi,http://en.wikipedia.org/wiki/Roberto_Bonomi
335,,driver_zz4qTjEK,ITA,1928-04-02,Gino,Italian,,munaron,Munaron,http://en.wikipedia.org/wiki/Gino_Munaron
336,,driver_oYgW5JYp,ARG,1932-11-18,Nasif,Argentine,,estefano,Estéfano,http://en.wikipedia.org/wiki/Nasif_Est%C3%A9fano
337,,driver_N8SnLUve,VEN,1921-06-04,Ettore,Venezuelan,,chimeri,Chimeri,http://en.wikipedia.org/wiki/Ettore_Chimeri
338,,driver_H135Om4c,ESP,1924-10-28,Antonio,Spanish,,creus,Creus,http://en.wikipedia.org/wiki/Antonio_Creus
339,,driver_BnqlVIxW,USA,1930-08-05,Richie,American,,ginther,Ginther,http://en.wikipedia.org/wiki/Richie_Ginther
340,,driver_s7nn3Kvo,GBR,1934-02-11,John,British,,surtees,Surtees,http://en.wikipedia.org/wiki/John_Surtees
341,,driver_7ZhyVz7n,USA,1923-11-29,Chuck,American,,daigh,Daigh,http://en.wikipedia.org/wiki/Chuck_Daigh
342,,driver_J3lc8Tax,USA,1936-02-24,Lance,American,,reventlow,Reventlow,http://en.wikipedia.org/wiki/Lance_Reventlow
343,,driver_shHw0Pf9,USA,1928-01-12,Lloyd,American,,ruby,Ruby,http://en.wikipedia.org/wiki/Lloyd_Ruby
344,,driver_pH4hKFFV,USA,1928-04-04,Bud,American,,tingelstad,Tingelstad,http://en.wikipedia.org/wiki/Bud_Tingelstad
345,,driver_O4iPXL23,USA,1932-12-05,Jim,American,,hurtubise,Hurtubise,http://en.wikipedia.org/wiki/Jim_Hurtubise
346,,driver_oSesi2kh,USA,1934-12-09,Wayne,American,,weiler,Weiler,http://en.wikipedia.org/wiki/Wayne_Weiler
347,,driver_ZC001F4C,GBR,1936-03-04,Jim,British,,clark,Clark,http://en.wikipedia.org/wiki/Jim_Clark
348,,driver_BQJ5rA73,BEL,1928-10-01,Willy,Belgian,,mairesse,Mairesse,http://en.wikipedia.org/wiki/Willy_Mairesse
349,,driver_rfMEnu3M,ITA,1926-08-08,Piero,Italian,,drogo,Drogo,http://en.wikipedia.org/wiki/Piero_Drogo
350,,driver_b0ZnIPx7,USA,1932-03-17,Fred,American,,gamble,Gamble,http://en.wikipedia.org/wiki/Fred_Gamble_(racing_driver)
351,,driver_zAqagh9e,ITA,1920-04-05,Alfonso,Italian,,thiele,Thiele,http://en.wikipedia.org/wiki/Alfonso_Thiele
352,,driver_dGJ3LEEr,GBR,1931-04-14,Vic,British,,vic_wilson,Wilson,http://en.wikipedia.org/wiki/Vic_Wilson_(motor_racing_driver)
353,,driver_jaj8HbOf,GBR,1915-03-23,Arthur,British,,owen,Owen,http://en.wikipedia.org/wiki/Arthur_Owen
354,,driver_aHxM1sqD,USA,1935-07-23,Jim,American,,hall,Hall,http://en.wikipedia.org/wiki/Jim_Hall_(race_car_driver)
355,,driver_vCTUboRP,USA,1919-12-14,Bob,American,,drake,Drake,http://en.wikipedia.org/wiki/Bob_Drake_(Formula_One)
356,,driver_2e2wSB2t,CHE,1934-08-18,Michael,Swiss,,may,May,http://en.wikipedia.org/wiki/Michael_May_(racing_driver)
357,,driver_FX9nrw7g,GBR,1936-11-01,Jackie,British,,lewis,Lewis,http://en.wikipedia.org/wiki/Jackie_Lewis
358,,driver_pgWqTLkj,ITA,1935-12-21,Lorenzo,Italian,,bandini,Bandini,http://en.wikipedia.org/wiki/Lorenzo_Bandini
359,,driver_t3cK7FVb,ITA,1934-12-25,Giancarlo,Italian,,baghetti,Baghetti,http://en.wikipedia.org/wiki/Giancarlo_Baghetti
360,,driver_VnG9zGfi,FRA,1930-10-07,Bernard,French,,collomb,Collomb,http://en.wikipedia.org/wiki/Bernard_Collomb
361,,driver_qGyWykFR,ARG,1934-01-28,Juan Manuel,Argentine,,bordeu,Bordeu,http://en.wikipedia.org/wiki/Juan_Manuel_Bordeu
362,,driver_1qIFzxdx,ZAF,1937-02-09,Tony,South African,,maggs,Maggs,http://en.wikipedia.org/wiki/Tony_Maggs
363,,driver_CYZLMda0,GBR,1936-07-25,Gerry,British,,ashmore,Ashmore,http://en.wikipedia.org/wiki/Gerry_Ashmore
364,,driver_MHeKWwop,ITA,1935-07-28,Massimo,Italian,,natili,Natili,http://en.wikipedia.org/wiki/Massimo_Natili
365,,driver_U4i8d1yU,CHE,1934-06-07,Peter,Swiss,,monteverdi,Monteverdi,http://en.wikipedia.org/wiki/Peter_Monteverdi
366,,driver_snEvLbYW,ITA,1933-03-26,Renato,Italian,,pirocchi,Pirocchi,http://en.wikipedia.org/wiki/Renato_Pirocchi
367,,driver_VHyOwrZP,GBR,1923-03-29,Geoff,British,,duke,Duke,http://en.wikipedia.org/wiki/Geoff_Duke
368,,driver_iJC193gu,GBR,1930-01-21,John,British,,campbell-jones,Campbell-Jones,http://en.wikipedia.org/wiki/John_Campbell-Jones
369,,driver_W63GsnFZ,ITA,1932-12-03,Gaetano,Italian,,starrabba,Starrabba,http://en.wikipedia.org/wiki/Gaetano_Starrabba
370,,driver_qPRWmjjn,MEX,1942-02-14,Ricardo,Mexican,,ricardo_rodriguez,Rodríguez,http://en.wikipedia.org/wiki/Ricardo_Rodr%C3%ADguez_(Formula_One)
371,,driver_maJ7aipS,ITA,1933-03-04,Nino,Italian,,vaccarella,Vaccarella,http://en.wikipedia.org/wiki/Nino_Vaccarella
372,,driver_W1EeI1iC,ITA,1927-10-04,Roberto,Italian,,bussinello,Bussinello,http://en.wikipedia.org/wiki/Roberto_Bussinello
373,,driver_KV8y4CiC,ITA,1926-10-17,Roberto,Italian,,lippi,Lippi,http://en.wikipedia.org/wiki/Roberto_Lippi
374,,driver_0uOsFMBx,ITA,1923-04-15,Ernesto,Italian,,prinoth,Prinoth,http://en.wikipedia.org/wiki/Ernesto_Prinoth
375,,driver_MJj6Sh43,ITA,1930-01-04,Menato,Italian,,boffa,Boffa,http://en.wikipedia.org/wiki/Menato_Boffa
376,,driver_Z05QWzcI,USA,1937-02-20,Roger,American,,penske,Penske,http://en.wikipedia.org/wiki/Roger_Penske
377,,driver_tLMPDxX8,CAN,1940-06-10,Peter,Canadian,,ryan,Ryan,http://en.wikipedia.org/wiki/Peter_Ryan_(driver)
378,,driver_hpWjZ7AI,USA,1928-01-01,Hap,American,,sharp,Sharp,http://en.wikipedia.org/wiki/Hap_Sharp
379,,driver_w3jHBMxr,USA,1919-10-28,Walt,American,,hansgen,Hansgen,http://en.wikipedia.org/wiki/Walt_Hansgen
380,,driver_77G94vAi,GBR,1918-11-01,Ken,British,,ken_miles,Miles,http://en.wikipedia.org/wiki/Ken_Miles
381,,driver_8X7hAXKj,NLD,1936-12-09,Ben,Dutch,,pon,Pon,http://en.wikipedia.org/wiki/Ben_Pon
382,,driver_dLeRk2lL,NLD,1929-06-13,Rob,Dutch,,slotemaker,Slotemaker,http://en.wikipedia.org/wiki/Rob_Slotemaker
383,,driver_Dfuhbt9M,CHE,1936-07-07,Jo,Swiss,,siffert,Siffert,http://en.wikipedia.org/wiki/Jo_Siffert
384,,driver_iPIzwQoX,CHE,1930-01-25,Heinz,Swiss,,schiller,Schiller,http://en.wikipedia.org/wiki/Heinz_Schiller
385,,driver_R4x4Io2G,GBR,1933-11-08,Peter,British,,arundell,Arundell,http://en.wikipedia.org/wiki/Peter_Arundell
386,,driver_MIKXAGqu,ITA,1932-07-10,Carlo,Italian,,abate,Abate,http://en.wikipedia.org/wiki/Carlo_Mario_Abate
387,,driver_UHzIVNvg,USA,1926-07-10,Tony,American,,settember,Settember,http://en.wikipedia.org/wiki/Tony_Settember
388,,driver_PQF7hxqQ,USA,1925-12-29,Jay,American,,chamberlain,Chamberlain,http://en.wikipedia.org/wiki/Jay_Chamberlain
389,,driver_6qHDa4NZ,NZL,1937-02-02,Tony,New Zealander,,shelly,Shelly,http://en.wikipedia.org/wiki/Tony_Shelly
390,,driver_OloVilc3,CHE,1927-07-28,Heini,Swiss,,walter,Walter,http://en.wikipedia.org/wiki/Heini_Walter
391,,driver_ptKDhVAv,DEU,1937-10-18,Günther,German,,seiffert,Seiffert,http://en.wikipedia.org/wiki/G%C3%BCnther_Seiffert
392,,driver_D48dIKr8,DEU,1910-04-30,Kurt,German,,kuhnke,Kuhnke,http://en.wikipedia.org/wiki/Kurt_Kuhnke
393,,driver_HBtsWU5j,GBR,1926-05-11,Rob,British,,schroeder,Schroeder,http://en.wikipedia.org/wiki/Rob_Schroeder
394,,driver_WR1cvg2D,USA,1938-02-22,Timmy,American,,mayer,Mayer,http://en.wikipedia.org/wiki/Timmy_Mayer
395,,driver_M68JsRNM,ZAF,1938-09-25,Neville,South African,,lederle,Lederle,http://en.wikipedia.org/wiki/Neville_Lederle
396,,driver_Hw8gfOU8,RSR,1924-12-07,John,Rhodesian,,love,Love,http://en.wikipedia.org/wiki/John_Love_(racing_driver)
397,,driver_zfIKeNNz,ZAF,1937-01-30,Bruce,South African,,johnstone,Johnstone,http://en.wikipedia.org/wiki/Bruce_Johnstone_(racing_driver)
398,,driver_IM96eNSs,ZAF,1938-07-04,Ernie,South African,,pieterse,Pieterse,http://en.wikipedia.org/wiki/Ernie_Pieterse
399,,driver_i6JudFDx,ZAF,1920-12-09,Doug,South African,,serrurier,Serrurier,http://en.wikipedia.org/wiki/Doug_Serrurier
400,,driver_0j9FBCne,ZAF,1939-05-25,Mike,South African,,harris,Harris,http://en.wikipedia.org/wiki/Mike_Harris_(race_car_driver)
401,,driver_sx1BVAOe,RSR,1937-09-30,Gary,Rhodesian,,hocking,Hocking,http://en.wikipedia.org/wiki/Gary_Hocking
402,,driver_aHEbN6lc,ZAF,1920-06-01,Syd,South African,,vyver,van der Vyver,http://en.wikipedia.org/wiki/Syd_van_der_Vyver
403,,driver_hbEGKxhI,RSR,1921-08-24,Sam,Rhodesian,,tingle,Tingle,http://en.wikipedia.org/wiki/Sam_Tingle
404,,driver_MmEwPceC,NZL,1943-07-20,Chris,New Zealander,,amon,Amon,http://en.wikipedia.org/wiki/Chris_Amon
405,,driver_mGzzws8K,ITA,1933-10-18,Ludovico,Italian,,scarfiotti,Scarfiotti,http://en.wikipedia.org/wiki/Ludovico_Scarfiotti
406,,driver_1ZHYtSQS,DEU,1935-08-30,Gerhard,German,,mitter,Mitter,http://en.wikipedia.org/wiki/Gerhard_Mitter
407,,driver_Tn34UB8p,GBR,1940-04-02,Mike,British,,hailwood,Hailwood,http://en.wikipedia.org/wiki/Mike_Hailwood
408,,driver_r38VcL1c,GBR,1931-05-19,Bob,British,,anderson,Anderson,http://en.wikipedia.org/wiki/Bob_Anderson_(racing_driver)
409,,driver_ivxF98Md,GBR,1921-09-22,Ian,British,,raby,Raby,http://en.wikipedia.org/wiki/Ian_Raby
410,,driver_uIZRTyxg,GBR,1936-12-30,Mike,British,,spence,Spence,http://en.wikipedia.org/wiki/Mike_Spence
411,,driver_0BiyGBTO,ITA,1934-01-31,Ernesto,Italian,,ernesto_brambilla,Brambilla,http://en.wikipedia.org/wiki/Ernesto_Brambilla
412,,driver_jSq4UU6C,CAN,1926-05-15,Peter,Canadian,,broeker,Broeker,http://en.wikipedia.org/wiki/Peter_Broeker
413,,driver_DRQdBLaR,MEX,1940-01-18,Pedro,Mexican,,rodriguez,Rodríguez,http://en.wikipedia.org/wiki/Pedro_Rodr%C3%ADguez_(racing_driver)
414,,driver_AgzP678V,NLD,1941-07-01,Ernie,Dutch,,vos,de Vos,http://en.wikipedia.org/wiki/Ernie_de_Vos
415,,driver_thpXHemI,MEX,1935-12-26,Moisés,Mexican,,solana,Solana,http://en.wikipedia.org/wiki/Mois%C3%A9s_Solana
416,,driver_WiNVLVVp,USA,1920-10-08,Frank,American,,dochnal,Dochnal,http://en.wikipedia.org/wiki/Frank_Dochnal
417,,driver_oKqfyMMf,USA,1945-09-03,Thomas,American,,monarch,Monarch,http://en.wikipedia.org/wiki/Talk:1963_Mexican_Grand_Prix#Who_was_Thomas_Monarch.3F
418,,driver_yfc62DVt,ZAF,1935-11-30,Trevor,South African,,blokdyk,Blokdyk,http://en.wikipedia.org/wiki/Trevor_Blokdyk
419,,driver_gHkKxT2P,ZAF,1939-01-07,Brausch,South African,,niemann,Niemann,http://en.wikipedia.org/wiki/Brausch_Niemann
420,,driver_AK24Jf8e,ZAF,1935-03-16,Peter,South African,,klerk,de Klerk,http://en.wikipedia.org/wiki/Peter_de_Klerk
421,,driver_QDdkLdZS,GBR,1937-10-09,David,British,,prophet,Prophet,http://en.wikipedia.org/wiki/David_Prophet
422,,driver_i674N2GQ,ZAF,1934-05-13,Paddy,South African,,driver,Driver,http://en.wikipedia.org/wiki/Paddy_Driver
423,,driver_VLVFGKmQ,USA,1939-02-27,Peter,American,,revson,Revson,http://en.wikipedia.org/wiki/Peter_Revson
424,,driver_1e8b1rpi,GBR,1933-03-23,John,British,,taylor,Taylor,http://en.wikipedia.org/wiki/John_Taylor_(racer)
425,,driver_vOrkAc5c,AUS,1930-10-01,Frank,Australian,,gardner,Gardner,http://en.wikipedia.org/wiki/Frank_Gardner_(driver)
426,,driver_aQNRAE8p,GBR,1940-04-04,Richard,British,,attwood,Attwood,http://en.wikipedia.org/wiki/Richard_Attwood
427,,driver_m6vJcLAR,USA,1936-04-05,Ronnie,American,,bucknum,Bucknum,http://en.wikipedia.org/wiki/Ronnie_Bucknum
428,,driver_x3V4h2RT,AUT,1942-04-18,Jochen,Austrian,,rindt,Rindt,http://en.wikipedia.org/wiki/Jochen_Rindt
429,,driver_EXJ9FuhV,ITA,1937-10-23,Giacomo,Italian,,geki,Russo,http://en.wikipedia.org/wiki/Geki_(driver)
430,,driver_5UmmQoYl,GBR,1939-06-11,Jackie,British,,stewart,Stewart,http://en.wikipedia.org/wiki/Jackie_Stewart
431,,driver_5zmfHHur,AUS,1937-10-12,Paul,Australian,,hawkins,Hawkins,http://en.wikipedia.org/wiki/Paul_Hawkins_(racing_driver)
432,,driver_uvfBf7Ff,RSR,1941-07-11,Clive,Rhodesian,,puzey,Puzey,http://en.wikipedia.org/wiki/Clive_Puzey
433,,driver_lk3YWvKp,ZAF,1934-11-22,Jackie,South African,,pretorius,Pretorius,http://en.wikipedia.org/wiki/Jackie_Pretorius
434,,driver_RGGa0gKP,ZAF,1936-10-27,Dave,South African,,charlton,Charlton,http://en.wikipedia.org/wiki/Dave_Charlton
435,,driver_gDBRHv66,ZAF,1932-04-30,Ray,South African,,reed,Reed,http://en.wikipedia.org/wiki/Ray_Reed
436,,driver_WcunFmoN,ZAF,1931-05-18,David,South African,,clapham,Clapham,http://en.wikipedia.org/wiki/David_Clapham
437,,driver_uKzofI1u,ZAF,1932-11-30,Alex,South African,,blignaut,Blignaut,http://en.wikipedia.org/wiki/Alex_Blignaut
438,,driver_T6rjdfCq,NZL,1936-06-18,Denny,New Zealander,,hulme,Hulme,http://en.wikipedia.org/wiki/Denny_Hulme
439,,driver_6bJT7CJ4,GBR,1927-08-18,John,British,,rhodes,Rhodes,http://en.wikipedia.org/wiki/John_Rhodes_(driver)
440,,driver_6E9QoS45,GBR,1943-05-15,Alan,British,,rollinson,Rollinson,http://en.wikipedia.org/wiki/Alan_Rollinson
441,,driver_NMgmklck,GBR,1934-04-17,Brian,British,,gubby,Gubby,http://en.wikipedia.org/wiki/Brian_Gubby
442,,driver_qnysGrBO,ITA,1934-01-20,Giorgio,Italian,,bassi,Bassi,http://en.wikipedia.org/wiki/Giorgio_Bassi
443,,driver_LqQ0gMJc,USA,1933-04-27,Bob,American,,bondurant,Bondurant,http://en.wikipedia.org/wiki/Bob_Bondurant
444,,driver_YPQLWELY,FRA,1930-07-12,Guy,French,,ligier,Ligier,http://en.wikipedia.org/wiki/Guy_Ligier
445,,driver_duoUtbaE,GBR,1942-06-27,Chris,British,,irwin,Irwin,http://en.wikipedia.org/wiki/Chris_Irwin
446,,driver_dQwNJW2L,GBR,1933-07-27,Chris,British,,lawrence,Lawrence,http://en.wikipedia.org/wiki/Chris_Lawrence_(racing_driver)
447,,driver_wKn5HhQ2,ZAF,1930-01-16,Luki,South African,,botha,Botha,http://en.wikipedia.org/wiki/Luki_Botha
448,,driver_EngcnFte,GBR,1942-05-27,Piers,British,,courage,Courage,http://en.wikipedia.org/wiki/Piers_Courage
449,,driver_ppUJ3MwH,FRA,1942-01-18,Johnny,French,,gavin,Servoz-Gavin,http://en.wikipedia.org/wiki/Johnny_Servoz-Gavin
450,,driver_zSb4coBE,FRA,1937-04-26,Jean-Pierre,French,,beltoise,Beltoise,http://en.wikipedia.org/wiki/Jean-Pierre_Beltoise
451,,driver_ywhrU8ln,GBR,1939-06-09,David,British,,hobbs,Hobbs,http://en.wikipedia.org/wiki/David_Hobbs_(racing_driver)
452,,driver_SkgIZcmz,GBR,1938-01-12,Alan,British,,rees,Rees,http://en.wikipedia.org/wiki/Alan_Rees_(racing_driver)
453,,driver_t8HZAZvJ,CHE,1941-04-24,Silvio,Swiss,,moser,Moser,http://en.wikipedia.org/wiki/Silvio_Moser
454,,driver_GJb5yGpg,GBR,1942-08-14,Jackie,British,,oliver,Oliver,http://en.wikipedia.org/wiki/Jackie_Oliver
455,,driver_jmMwPMwM,BEL,1945-01-01,Jacky,Belgian,,ickx,Ickx,http://en.wikipedia.org/wiki/Jacky_Ickx
456,,driver_MBgH6BFA,GBR,1936-09-07,Brian,British,,hart,Hart,http://en.wikipedia.org/wiki/Brian_Hart
457,,driver_0uliSQKS,DEU,1935-03-28,Hubert,German,,hahne,Hahne,http://en.wikipedia.org/wiki/Hubert_Hahne
458,,driver_ObTCesuN,DEU,1940-04-19,Kurt,German,,ahrens,Ahrens,"http://en.wikipedia.org/wiki/Kurt_Ahrens,_Jr."
459,,driver_GjNmZwB6,FRA,1928-05-18,Jo,French,,jo_schlesser,Schlesser,http://en.wikipedia.org/wiki/Jo_Schlesser
460,,driver_5PhCLbs3,USA,1943-03-13,Mike,American,,fisher,Fisher,http://en.wikipedia.org/wiki/Mike_Fisher_(driver)
461,,driver_PhKhVD8h,CAN,1938-05-28,Eppie,Canadian,,wietzes,Wietzes,http://en.wikipedia.org/wiki/Eppie_Wietzes
462,,driver_7ZEdQEfO,CAN,1921-10-15,Al,Canadian,,pease,Pease,http://en.wikipedia.org/wiki/Al_Pease
463,,driver_saAaqKQc,USA,1943-04-26,Tom,American,,tom_jones,Jones,http://en.wikipedia.org/wiki/Tom_Jones_(auto_racer)
464,,driver_da07zlXV,GBR,1942-10-26,Jonathan,British,,williams,Williams,http://en.wikipedia.org/wiki/Jonathan_Williams_(racing_driver)
465,,driver_NcOpHMIZ,ZAF,1939-04-19,Basil,South African,,rooyen,van Rooyen,http://en.wikipedia.org/wiki/Basil_van_Rooyen
466,,driver_HY3TEpim,ITA,1941-10-03,Andrea,Italian,,adamich,de Adamich,http://en.wikipedia.org/wiki/Andrea_de_Adamich
467,,driver_NtZhun85,GBR,1937-03-09,Brian,British,,redman,Redman,http://en.wikipedia.org/wiki/Brian_Redman
468,,driver_IKLdbCtJ,GBR,1935-06-10,Vic,British,,elford,Elford,http://en.wikipedia.org/wiki/Vic_Elford
469,,driver_zJB32HP5,GBR,1942-05-27,Robin,British,,widdows,Widdows,http://en.wikipedia.org/wiki/Robin_Widdows
470,,driver_yKJcSiLn,GBR,1941-10-31,Derek,British,,bell,Bell,http://en.wikipedia.org/wiki/Derek_Bell_(auto_racer)
471,,driver_ayO6d6hl,FRA,1942-09-25,Henri,French,,pescarolo,Pescarolo,http://en.wikipedia.org/wiki/Henri_Pescarolo
472,,driver_hqWIWXMi,CAN,1935-12-26,Bill,Canadian,,brack,Brack,http://en.wikipedia.org/wiki/Bill_Brack
473,,driver_dfSWgc8w,USA,1934-02-20,Bobby,American,,unser,Unser,http://en.wikipedia.org/wiki/Bobby_Unser
474,,driver_9i8LKsKt,USA,1940-02-28,Mario,American,,mario_andretti,Andretti,http://en.wikipedia.org/wiki/Mario_Andretti
475,,driver_jIvxXOGx,GBR,1943-06-14,John,British,,miles,Miles,http://en.wikipedia.org/wiki/John_Miles_(auto_racer)
476,,driver_mtOaAZOR,CAN,1935-07-23,John,Canadian,,cordts,Cordts,http://en.wikipedia.org/wiki/John_Cordts
477,,driver_x2hh8uSF,CAN,1945-11-12,George,Canadian,,eaton,Eaton,http://en.wikipedia.org/wiki/George_Eaton
478,,driver_gupQI5ye,DEU,1943-07-11,Rolf,German,,stommelen,Stommelen,http://en.wikipedia.org/wiki/Rolf_Stommelen
479,,driver_Nekzs3pt,ESP,1932-10-29,Alex,Spanish,,roig,Soler-Roig,http://en.wikipedia.org/wiki/Alex_Soler-Roig
480,,driver_sJfpBtA7,SWE,1944-02-14,Ronnie,Swedish,,peterson,Peterson,http://en.wikipedia.org/wiki/Ronnie_Peterson
481,,driver_KVhXGSn0,ITA,1941-08-30,Ignazio,Italian,,giunti,Giunti,http://en.wikipedia.org/wiki/Ignazio_Giunti
482,,driver_7Su1TFk7,CHE,1939-09-05,Clay,Swiss,,regazzoni,Regazzoni,http://en.wikipedia.org/wiki/Clay_Regazzoni
483,,driver_k6CDyhMw,FRA,1944-02-25,François,French,,cevert,Cevert,http://en.wikipedia.org/wiki/Fran%C3%A7ois_Cevert
484,,driver_OqA4bJPA,GBR,1940-02-21,Peter,British,,gethin,Gethin,http://en.wikipedia.org/wiki/Peter_Gethin
485,,driver_cc8qTB9S,BRA,1946-12-12,Emerson,Brazilian,,emerson_fittipaldi,Fittipaldi,http://en.wikipedia.org/wiki/Emerson_Fittipaldi
486,,driver_m90RAPFs,AUS,1943-09-26,Tim,Australian,,schenken,Schenken,http://en.wikipedia.org/wiki/Tim_Schenken
487,,driver_YZSkmsZm,ITA,1940-10-02,Nanni,Italian,,galli,Galli,http://en.wikipedia.org/wiki/Nanni_Galli
488,,driver_5Olo0Y46,SWE,1941-09-30,Reine,Swedish,,wisell,Wisell,http://en.wikipedia.org/wiki/Reine_Wisell
489,,driver_X6kY5BuU,USA,1937-04-26,Gus,American,,hutchison,Hutchison,http://en.wikipedia.org/wiki/Gus_Hutchison
490,,driver_22a93dwt,GBR,1938-05-26,Peter,British,,westbury,Westbury,http://en.wikipedia.org/wiki/Peter_Westbury
491,,driver_vVTEwFbc,NZL,1941-12-24,Howden,New Zealander,,ganley,Ganley,http://en.wikipedia.org/wiki/Howden_Ganley
492,,driver_BXzAajAf,USA,1936-11-16,Skip,American,,barber,Barber,http://en.wikipedia.org/wiki/Skip_Barber
493,,driver_VseFCkra,NLD,1942-03-16,Gijs,Dutch,,lennep,van Lennep,http://en.wikipedia.org/wiki/Gijs_Van_Lennep
494,,driver_hgPvmtOb,AUS,1941-06-10,David,Australian,,walker,Walker,http://en.wikipedia.org/wiki/David_Walker_(racing_driver)
495,,driver_oWW3hyGU,FRA,1943-02-24,François,French,,mazet,Mazet,http://en.wikipedia.org/wiki/Fran%C3%A7ois_Mazet
496,,driver_3o3KGMXU,FRA,1943-07-27,Max,French,,jean,Jean,http://en.wikipedia.org/wiki/Max_Jean
497,,driver_glR1HXrf,GBR,1940-04-13,Mike,British,,beuttler,Beuttler,http://en.wikipedia.org/wiki/Mike_Beuttler
498,,driver_ZGAymbG9,AUT,1943-04-27,Helmut,Austrian,,marko,Marko,http://en.wikipedia.org/wiki/Helmut_Marko
499,,driver_UIHrg8ZT,AUT,1949-02-22,Niki,Austrian,,lauda,Lauda,http://en.wikipedia.org/wiki/Niki_Lauda
500,,driver_dHPwtLtO,FRA,1946-07-10,Jean-Pierre,French,,jarier,Jarier,http://en.wikipedia.org/wiki/Jean-Pierre_Jarier
501,,driver_JR5Jb8d3,USA,1937-03-18,Mark,American,,donohue,Donohue,http://en.wikipedia.org/wiki/Mark_Donohue
502,,driver_jj19GX6L,GBR,1939-11-17,Chris,British,,craft,Craft,http://en.wikipedia.org/wiki/Chris_Craft_(racing_driver)
503,,driver_CxxbaEnn,CAN,1933-06-21,John,Canadian,,Cannoc,Cannon,http://en.wikipedia.org/wiki/John_Cannon_(auto_racer)
504,,driver_lioGXhHh,USA,1944-05-26,Sam,American,,posey,Posey,http://en.wikipedia.org/wiki/Sam_Posey
505,,driver_JhEwcbV5,ARG,1942-04-12,Carlos,Argentine,,reutemann,Reutemann,http://en.wikipedia.org/wiki/Carlos_Reutemann
506,,driver_t2aIc0BV,BRA,1944-10-06,Carlos,Brazilian,,pace,Pace,http://en.wikipedia.org/wiki/Carlos_Pace
507,,driver_qpqUMaK9,BRA,1943-12-25,Wilson,Brazilian,,wilson_fittipaldi,Fittipaldi,http://en.wikipedia.org/wiki/Wilson_Fittipaldi
508,,driver_Ht9Gh9We,FRA,1944-08-09,Patrick,French,,depailler,Depailler,http://en.wikipedia.org/wiki/Patrick_Depailler
509,,driver_lqazX04Z,ITA,1943-03-11,Arturo,Italian,,merzario,Merzario,http://en.wikipedia.org/wiki/Arturo_Merzario
510,,driver_EYMBN5km,FRA,1944-12-04,François,French,,migault,Migault,http://en.wikipedia.org/wiki/Fran%C3%A7ois_Migault
511,,driver_OTo1gqRF,ZAF,1950-01-29,Jody,South African,,scheckter,Scheckter,http://en.wikipedia.org/wiki/Jody_Scheckter
512,,driver_2m0ZBen3,BRA,1937-01-16,Luiz,Brazilian,,bueno,Bueno,http://en.wikipedia.org/wiki/Luiz_Bueno
513,,driver_cE224Oxr,USA,1934-01-27,George,American,,follmer,Follmer,http://en.wikipedia.org/wiki/George_Follmer
514,,driver_onPR3ggb,ZAF,1944-09-12,Eddie,South African,,keizan,Keizan,http://en.wikipedia.org/wiki/Eddie_Keizan
515,,driver_okmTDFDZ,GBR,1947-08-29,James,British,,hunt,Hunt,http://en.wikipedia.org/wiki/James_Hunt
516,,driver_dFzIJ5ci,GBR,1945-01-26,David,British,,purley,Purley,http://en.wikipedia.org/wiki/David_Purley
517,,driver_O69HNYJ8,LIE,1947-10-14,Rikky,Liechtensteiner,,opel,von Opel,http://en.wikipedia.org/wiki/Rikky_von_Opel
518,,driver_J4yEZsiG,GBR,1946-05-04,John,British,,watson,Watson,http://en.wikipedia.org/wiki/John_Watson_(racing_driver)
519,,driver_AoxOVVtq,DEU,1946-09-30,Jochen,German,,mass,Mass,http://en.wikipedia.org/wiki/Jochen_Mass
520,,driver_HkwaGKJy,GBR,1948-02-02,Roger,British,,williamson,Williamson,http://en.wikipedia.org/wiki/Roger_Williamson
521,,driver_gUDShu8O,NZL,1940-03-05,Graham,New Zealander,,mcrae,McRae,http://en.wikipedia.org/wiki/Graham_McRae
522,,driver_sgy5JGat,GBR,1942-12-30,Guy,British,,edwards,Edwards,http://en.wikipedia.org/wiki/Guy_Edwards
523,,driver_iMnZVj3Z,GBR,1944-09-22,Richard,British,,robarts,Robarts,http://en.wikipedia.org/wiki/Richard_Robarts
524,,driver_m9lQiDky,DEU,1951-01-01,Hans-Joachim,German,,stuck,Stuck,http://en.wikipedia.org/wiki/Hans_Joachim_Stuck
525,,driver_TLqt1LZp,ITA,1937-11-11,Vittorio,Italian,,brambilla,Brambilla,http://en.wikipedia.org/wiki/Vittorio_Brambilla
526,,driver_IF3u2Uhe,ZAF,1947-08-22,Ian,South African,,ian_scheckter,Scheckter,http://en.wikipedia.org/wiki/Ian_Scheckter
527,,driver_xBY9V8sC,DNK,1942-08-27,Tom,Danish,,belso,Belsø,http://en.wikipedia.org/wiki/Tom_Bels%C3%B8
528,,driver_yzXuv6a2,AUS,1943-03-19,Vern,Australian,,schuppan,Schuppan,http://en.wikipedia.org/wiki/Vern_Schuppan
529,,driver_slD780Ug,BEL,1942-07-26,Teddy,Belgian,,pilette,Pilette,http://en.wikipedia.org/wiki/Teddy_Pilette
530,,driver_t9WUcLT4,GBR,1949-06-11,Tom,British,,pryce,Pryce,http://en.wikipedia.org/wiki/Tom_Pryce
531,,driver_5sdXnNJJ,FRA,1940-05-23,Gérard,French,,larrousse,Larrousse,http://en.wikipedia.org/wiki/G%C3%A9rard_Larrousse
532,,driver_6URCFY6J,FIN,1943-08-05,Leo,Finnish,,kinnunen,Kinnunen,http://en.wikipedia.org/wiki/Leo_Kinnunen
533,,driver_00E20Kfc,SWE,1943-10-12,Bertil,Swedish,,roos,Roos,http://en.wikipedia.org/wiki/Bertil_Roos
534,,driver_2D8o5kXD,FRA,1942-10-01,Jean-Pierre,French,,jabouille,Jabouille,http://en.wikipedia.org/wiki/Jean-Pierre_Jabouille
535,,driver_T0HKI0dj,FRA,1944-04-26,José,French,,dolhem,Dolhem,http://en.wikipedia.org/wiki/Jos%C3%A9_Dolhem
536,,driver_j85pRx4j,ITA,1941-03-26,Lella,Italian,,lombardi,Lombardi,http://en.wikipedia.org/wiki/Lella_Lombardi
537,,driver_fgyNJ8qE,NZL,1941-10-06,John,New Zealander,,nicholson,Nicholson,http://en.wikipedia.org/wiki/John_Nicholson_(racing_driver)
538,,driver_15cE2nf6,GBR,1946-01-07,Mike,British,,wilds,Wilds,http://en.wikipedia.org/wiki/Mike_Wilds
539,,driver_uxoAbL8t,GBR,1947-10-26,Ian,British,,ashley,Ashley,http://en.wikipedia.org/wiki/Ian_Ashley
540,,driver_EZmD9Imr,FRA,1943-11-21,Jacques,French,,laffite,Laffite,http://en.wikipedia.org/wiki/Jacques_Laffite
541,,driver_JaDaghkz,AUS,1950-03-18,Larry,Australian,,perkins,Perkins,http://en.wikipedia.org/wiki/Larry_Perkins
542,,driver_UJsUyuFc,AUT,1939-05-30,Dieter,Austrian,,quester,Quester,http://en.wikipedia.org/wiki/Dieter_Quester
543,,driver_aARBY6Zh,AUT,1948-11-03,Helmuth,Austrian,,koinigg,Koinigg,http://en.wikipedia.org/wiki/Helmuth_Koinigg
544,,driver_NoZS6m0V,ITA,1935-06-26,Carlo,Italian,,facetti,Facetti,http://en.wikipedia.org/wiki/Carlo_Facetti
545,,driver_dOn0sv0K,ZAF,1948-12-01,Guy,South African,,tunmer,Tunmer,http://en.wikipedia.org/wiki/Guy_Tunmer
546,,driver_sveXazNQ,GBR,1947-06-11,Bob,British,,evans,Evans,http://en.wikipedia.org/wiki/Bob_Evans_(race_driver)
547,,driver_p5zMUtQR,GBR,1952-03-28,Tony,British,,brise,Brise,http://en.wikipedia.org/wiki/Tony_Brise
548,,driver_YKVyzojd,NLD,1948-12-12,Roelof,Dutch,,wunderink,Wunderink,http://en.wikipedia.org/wiki/Roelof_Wunderink
549,,driver_xSkaFmJS,AUS,1946-11-02,Alan,Australian,,jones,Jones,http://en.wikipedia.org/wiki/Alan_Jones_(Formula_1)
550,,driver_hL0xyoWX,SWE,1947-07-23,Torsten,Swedish,,palm,Palm,http://en.wikipedia.org/wiki/Torsten_Palm
551,,driver_QI9fmBwH,GBR,1945-11-17,Damien,British,,magee,Magee,http://en.wikipedia.org/wiki/Damien_Magee
552,,driver_rIkyqMlv,JPN,1946-03-10,Hiroshi,Japanese,,fushida,Fushida,http://en.wikipedia.org/wiki/Hiroshi_Fushida
553,,driver_FMHp88CF,GBR,1946-09-19,Brian,British,,henton,Henton,http://en.wikipedia.org/wiki/Brian_Henton
554,,driver_cCOmde8X,GBR,1944-08-07,Dave,British,,morgan,Morgan,http://en.wikipedia.org/wiki/Dave_Morgan_(racing_driver)
555,,driver_wRQjguH7,GBR,1948-02-13,Jim,British,,crawford,Crawford,http://en.wikipedia.org/wiki/Jim_Crawford_(driver)
556,,driver_n6dvN4rw,AUT,1948-08-31,Harald,Austrian,,ertl,Ertl,http://en.wikipedia.org/wiki/Harald_Ertl
557,,driver_5FYUvebY,GBR,1943-01-24,Tony,British,,trimmer,Trimmer,http://en.wikipedia.org/wiki/Tony_Trimmer
558,,driver_AoJLL6Bk,USA,1945-11-14,Brett,American,,lunger,Lunger,http://en.wikipedia.org/wiki/Brett_Lunger
559,,driver_ckASseuV,CHE,1942-05-31,Jo,Swiss,,vonlanthen,Vonlanthen,http://en.wikipedia.org/wiki/Jo_Vonlanthen
560,,driver_sW5iI9Kv,ITA,1946-12-12,Renzo,Italian,,zorzi,Zorzi,http://en.wikipedia.org/wiki/Renzo_Zorzi
561,,driver_Hj3gU4BW,FRA,1946-03-18,Michel,French,,leclere,Leclère,http://en.wikipedia.org/wiki/Michel_Lecl%C3%A8re
562,,driver_PPdD4vtb,BRA,1953-02-28,Ingo,Brazilian,,hoffmann,Hoffmann,http://en.wikipedia.org/wiki/Ingo_Hoffmann
563,,driver_XqM92MfX,SWE,1948-11-20,Gunnar,Swedish,,nilsson,Nilsson,http://en.wikipedia.org/wiki/Gunnar_Nilsson
564,,driver_6o0RQ2EO,CHE,1950-04-01,Loris,Swiss,,kessel,Kessel,http://en.wikipedia.org/wiki/Loris_Kessel
565,,driver_A8ejvh2b,ESP,1944-05-27,Emilio,Spanish,,zapico,Zapico,http://en.wikipedia.org/wiki/Emilio_Zapico
566,,driver_RfnlPcDU,ESP,1946-07-26,Emilio,Spanish,,villota,de Villota,http://en.wikipedia.org/wiki/Emilio_de_Villota
567,,driver_8Dprnkhw,BEL,1949-10-13,Patrick,Belgian,,neve,Nève,http://en.wikipedia.org/wiki/Patrick_Neve
568,,driver_DYA7aStH,DNK,1944-04-19,Jac,Danish,,nelleman,Nelleman,http://en.wikipedia.org/wiki/Jac_Nelleman
569,,driver_jepDEhRp,GBR,1944-08-13,Divina,British,,galica,Galica,http://en.wikipedia.org/wiki/Divina_Galica
570,,driver_A6vTnMmO,ITA,1942-08-31,Alessandro,Italian,,pesenti_rossi,Pesenti-Rossi,http://en.wikipedia.org/wiki/Alessandro_Pesenti-Rossi
571,,driver_eZgqtI8a,AUT,1948-06-12,Hans,Austrian,,binder,Binder,http://en.wikipedia.org/wiki/Hans_Binder
572,,driver_N3tsZHly,NLD,1949-05-03,Boy,Dutch,,hayje,Lunger,http://en.wikipedia.org/wiki/Boy_Hayje
573,,driver_UQO6Fshq,SWE,1939-12-28,Conny,Swedish,,andersson,Andersson,http://en.wikipedia.org/wiki/Conny_Andersson_(racing_driver)
574,,driver_8Llqlav9,AUT,1947-03-03,Otto,Austrian,,stuppacher,Stuppacher,http://en.wikipedia.org/wiki/Otto_Stuppacher
575,,driver_Z2cADRGV,BRA,1948-11-07,Alex,Brazilian,,ribeiro,Ribeiro,http://en.wikipedia.org/wiki/Alex_Ribeiro
576,,driver_0K5F7NdQ,AUS,1949-12-24,Warwick,Australian,,brown,Brown,http://en.wikipedia.org/wiki/Warwick_Brown
577,,driver_zaNqgy9I,JPN,1951-06-06,Noritake,Japanese,,takahara,Takahara,http://en.wikipedia.org/wiki/Noritake_Takahara
578,,driver_GAlh8wIr,JPN,1945-11-13,Masahiro,Japanese,,hasemi,Hasemi,http://en.wikipedia.org/wiki/Masahiro_Hasemi
579,,driver_SCSKCdrX,JPN,1947-07-01,Kazuyoshi,Japanese,,hoshino,Hoshino,http://en.wikipedia.org/wiki/Kazuyoshi_Hoshino
580,,driver_ThZ6nCHG,GBR,1955-02-26,Rupert,British,,keegan,Keegan,http://en.wikipedia.org/wiki/Rupert_Keegan
581,,driver_eaUlUzAs,ITA,1954-04-17,Riccardo,Italian,,patrese,Patrese,http://en.wikipedia.org/wiki/Riccardo_Patrese
582,,driver_EGUL6Yuy,BEL,1952-09-19,Bernard,Belgian,,dryver,de Dryver,http://en.wikipedia.org/wiki/Bernard_de_Dryver
583,,driver_a2rGkozY,MEX,1956-02-05,Hector,Mexican,,rebaque,Rebaque,http://en.wikipedia.org/wiki/Hector_Rebaque
584,,driver_Lo5oqtIu,FIN,1948-05-17,Mikko,Finnish,,kozarowitzky,Kozarowitzky,http://en.wikipedia.org/wiki/Mikko_Kozarowitzky
585,,driver_Aiy6S5DT,FRA,1949-06-25,Patrick,French,,tambay,Tambay,http://en.wikipedia.org/wiki/Patrick_Tambay
586,,driver_C07cOVFk,CAN,1950-01-18,Gilles,Canadian,,gilles_villeneuve,Villeneuve,http://en.wikipedia.org/wiki/Gilles_Villeneuve
587,,driver_nGuVYY09,GBR,1947-05-09,Andy,British,,sutcliffe,Sutcliffe,http://en.wikipedia.org/wiki/Andy_Sutcliffe
588,,driver_OtXD7Mxe,AUS,1945-12-13,Brian,Australian,,mcguire,McGuire,http://en.wikipedia.org/wiki/Brian_McGuire
589,,driver_mWePSMgW,DEU,1943-03-16,Hans,German,,heyer,Heyer,http://en.wikipedia.org/wiki/Hans_Heyer
590,,driver_5a30xfyL,NLD,1949-10-02,Michael,Dutch,,bleekemolen,Bleekemolen,http://en.wikipedia.org/wiki/Michael_Bleekemolen
591,,driver_6PnP5e9h,ITA,1952-09-10,Bruno,Italian,,giacomelli,Giacomelli,http://en.wikipedia.org/wiki/Bruno_Giacomelli
592,,driver_tjFHRhGL,ITA,1953-05-24,Lamberto,Italian,,leoni,Leoni,http://en.wikipedia.org/wiki/Lamberto_Leoni
593,,driver_pKrvXpBG,ITA,1947-11-08,Giorgio,Italian,,francia,Francia,http://en.wikipedia.org/wiki/Giorgio_Francia
594,,driver_0KNb0JJ6,USA,1942-05-21,Danny,American,,ongais,Ongais,http://en.wikipedia.org/wiki/Danny_Ongais
595,,driver_aTHkN1HD,JPN,1940-01-29,Kunimitsu,Japanese,,takahashi,Takahashi,http://en.wikipedia.org/wiki/Kunimitsu_Takahashi
596,,driver_2rSPioHh,FRA,1952-03-26,Didier,French,,pironi,Pironi,http://en.wikipedia.org/wiki/Didier_Pironi
597,,driver_Nk6167p7,USA,1958-01-10,Eddie,American,,cheever,Cheever,http://en.wikipedia.org/wiki/Eddie_Cheever
598,,driver_2hVbZRXg,FIN,1948-12-06,Keke,Finnish,,keke_rosberg,Rosberg,http://en.wikipedia.org/wiki/Keke_Rosberg
599,,driver_ivAMfiaX,FRA,1948-07-04,René,French,,arnoux,Arnoux,http://en.wikipedia.org/wiki/Ren%C3%A9_Arnoux
600,,driver_j1sOfAWP,IRL,1953-03-11,Derek,Irish,,daly,Daly,http://en.wikipedia.org/wiki/Derek_Daly
601,,driver_MJxqfiVO,ITA,1946-02-23,Alberto,Italian,,colombo,Colombo,http://en.wikipedia.org/wiki/Alberto_Colombo
602,,driver_8hNwMA8h,GBR,1951-05-01,Geoff,British,,lees,Lees,http://en.wikipedia.org/wiki/Geoff_Lees
603,,driver_8xNj6AW6,BRA,1952-08-17,Nelson,Brazilian,,piquet,Piquet,http://en.wikipedia.org/wiki/Nelson_Piquet
604,,driver_y3xzaSGp,ITA,1938-01-01,Carlo,Italian,,gimax,Franchi,http://en.wikipedia.org/wiki/Gimax
605,,driver_WD2Zddca,USA,1953-01-10,Bobby,American,,rahal,Rahal,http://en.wikipedia.org/wiki/Bobby_Rahal
606,,driver_2HbVDG5C,ITA,1957-01-02,Beppe,Italian,,gabbiani,Gabbiani,http://en.wikipedia.org/wiki/Beppe_Gabbiani
607,,driver_AK7h8uJR,ITA,1958-03-26,Elio,Italian,,angelis,de Angelis,http://en.wikipedia.org/wiki/Elio_de_Angelis
608,,driver_OTKsPItR,NLD,1956-06-02,Jan,Dutch,,lammers,Lammers,http://en.wikipedia.org/wiki/Jan_Lammers
609,,driver_h15vhzXM,ITA,1950-01-18,Gianfranco,Italian,,brancatelli,Brancatelli,http://en.wikipedia.org/wiki/Gianfranco_Brancatelli
610,,driver_63f0m1yS,FRA,1952-02-12,Patrick,French,,gaillard,Gaillard,http://en.wikipedia.org/wiki/Patrick_Gaillard
611,,driver_SGw1DJbH,CHE,1951-09-18,Marc,Swiss,,surer,Surer,http://en.wikipedia.org/wiki/Marc_Surer
612,,driver_MgRew09f,ARG,1949-04-13,Ricardo,Argentine,,zunino,Zunino,http://en.wikipedia.org/wiki/Ricardo_Zunino
613,,driver_xbkSsfDv,FRA,1955-02-24,Alain,French,,prost,Prost,http://en.wikipedia.org/wiki/Alain_Prost
614,,driver_fQ77X3il,IRL,1953-01-15,Dave,Irish,,kennedy,Kennedy,http://en.wikipedia.org/wiki/David_Kennedy_(racing_driver)
615,,driver_vPVtyRY0,SWE,1956-09-08,Stefan,Swedish,,johansson,Johansson,http://en.wikipedia.org/wiki/Stefan_Johansson
616,,driver_ki4lIVqQ,GBR,1952-02-19,Stephen,British,,south,South,http://en.wikipedia.org/wiki/Stephen_South
617,,driver_0OQgQwnC,GBR,1951-10-29,Tiff,British,,needell,Needell,http://en.wikipedia.org/wiki/Tiff_Needell
618,,driver_SGMkLswh,ZAF,1953-11-26,Desiré,South African,,desire_wilson,Wilson,http://en.wikipedia.org/wiki/Desir%C3%A9_Wilson
619,,driver_00pdpSvV,GBR,1953-08-08,Nigel,British,,mansell,Mansell,http://en.wikipedia.org/wiki/Nigel_Mansell
620,,driver_6VRnJvEt,NZL,1961-03-30,Mike,New Zealander,,thackwell,Thackwell,http://en.wikipedia.org/wiki/Mike_Thackwell
621,,driver_LsGxWXC3,DEU,1951-10-06,Manfred,German,,manfred_winkelhock,Winkelhock,http://en.wikipedia.org/wiki/Manfred_Winkelhock
622,,driver_GDutSJkG,ITA,1959-05-31,Andrea,Italian,,cesaris,de Cesaris,http://en.wikipedia.org/wiki/Andrea_de_Cesaris
623,,driver_6xBCiXIM,USA,1956-03-31,Kevin,American,,cogan,Cogan,http://en.wikipedia.org/wiki/Kevin_Cogan
624,,driver_CfXzg3G4,BRA,1957-02-03,Chico,Brazilian,,serra,Serra,http://en.wikipedia.org/wiki/Chico_Serra
625,,driver_sMwk7hgh,ARG,1953-08-31,Miguel Ángel,Argentine,,guerra,Guerra,http://en.wikipedia.org/wiki/Miguel_Angel_Guerra
626,,driver_VQ4lPHpb,ITA,1952-10-10,Siegfried,Italian,,stohr,Stohr,http://en.wikipedia.org/wiki/Siegfried_Stohr
627,,driver_57e8StNZ,CHL,1954-11-14,Eliseo,Chilean,,salazar,Salazar,http://en.wikipedia.org/wiki/Eliseo_Salazar
628,,driver_ITOMZiyL,COL,1949-08-08,Ricardo,Colombian,,londono,Londoño,http://en.wikipedia.org/wiki/Ricardo_Londo%C3%B1o
629,,driver_GAjKX2g9,SWE,1946-11-25,Slim,Swedish,,borgudd,Borgudd,http://en.wikipedia.org/wiki/Slim_Borgudd
630,,driver_8kj9mLJF,ITA,1956-12-23,Michele,Italian,,alboreto,Alboreto,http://en.wikipedia.org/wiki/Michele_Alboreto
631,,driver_n5Ux6jWo,GBR,1954-08-27,Derek,British,,warwick,Warwick,http://en.wikipedia.org/wiki/Derek_Warwick
632,,driver_xHYzZ5u7,ITA,1952-01-16,Piercarlo,Italian,,ghinzani,Ghinzani,http://en.wikipedia.org/wiki/Piercarlo_Ghinzani
633,,driver_XsH8hjrG,CAN,1953-11-04,Jacques,Canadian,,villeneuve_sr,Villeneuve Sr.,http://en.wikipedia.org/wiki/Jacques_Villeneuve_(elder)
634,,driver_soliDyBX,BRA,1957-12-04,Raul,Brazilian,,boesel,Boesel,http://en.wikipedia.org/wiki/Raul_Boesel
635,,driver_I4kHyToS,ITA,1954-01-31,Mauro,Italian,,baldi,Baldi,http://en.wikipedia.org/wiki/Mauro_Baldi
636,,driver_MHWJOguX,ITA,1958-06-15,Riccardo,Italian,,paletti,Paletti,http://en.wikipedia.org/wiki/Riccardo_Paletti
637,,driver_xn4EkvZD,COL,1958-11-16,Roberto,Colombian,,guerrero,Guerrero,http://en.wikipedia.org/wiki/Roberto_Guerrero
638,,driver_VVy7zSVf,ITA,1955-03-09,Teo,Italian,,fabi,Fabi,http://en.wikipedia.org/wiki/Teo_Fabi
639,,driver_5LUVRC7G,BRA,1959-02-11,Roberto,Brazilian,,moreno,Moreno,http://en.wikipedia.org/wiki/Roberto_Moreno
640,,driver_6EACpQyd,IRL,1958-05-06,Tommy,Irish,,byrne,Byrne,http://en.wikipedia.org/wiki/Tommy_Byrne_%28racing_driver%29
641,,driver_8CKsujgo,USA,1950-03-09,Danny,American,,sullivan,Sullivan,http://en.wikipedia.org/wiki/Danny_Sullivan
642,,driver_RYQa5JBX,VEN,1956-01-25,Johnny,Venezuelan,,cecotto,Cecotto,http://en.wikipedia.org/wiki/Johnny_Cecotto
643,,driver_HWNc1SX7,ITA,1961-04-12,Corrado,Italian,,corrado_fabi,Fabi,http://en.wikipedia.org/wiki/Corrado_Fabi
644,,driver_cjvE7pRn,FRA,1948-09-12,Jean-Louis,French,,schlesser,Schlesser,http://en.wikipedia.org/wiki/Jean-Louis_Schlesser
645,,driver_5t7IXlDZ,BEL,1957-07-13,Thierry,Belgian,,boutsen,Boutsen,http://en.wikipedia.org/wiki/Thierry_Boutsen
646,,driver_IkvRNJlP,GBR,1957-11-27,Kenny,British,,acheson,Acheson,http://en.wikipedia.org/wiki/Kenny_Acheson
647,,driver_xrzZzrKX,GBR,1956-11-07,Jonathan,British,,palmer,Palmer,http://en.wikipedia.org/wiki/Jonathan_Palmer
648,,driver_LWXKjO1X,GBR,1959-06-01,Martin,British,,brundle,Brundle,http://en.wikipedia.org/wiki/Martin_Brundle
649,,driver_rBBtDAum,FRA,1956-12-30,François,French,,hesnault,Hesnault,http://en.wikipedia.org/wiki/Fran%C3%A7ois_Hesnault
650,,driver_jTD9VpnA,FRA,1954-07-27,Philippe,French,,alliot,Alliot,http://en.wikipedia.org/wiki/Philippe_Alliot
651,,driver_i9MlnpxH,DEU,1957-11-20,Stefan,German,,bellof,Bellof,http://en.wikipedia.org/wiki/Stefan_Bellof
652,,driver_9vGD0PmP,BRA,1960-03-21,Ayrton,Brazilian,,senna,Senna,http://en.wikipedia.org/wiki/Ayrton_Senna
653,,driver_zzhx0sWR,AUT,1954-01-24,Jo,Austrian,,gartner,Gartner,http://en.wikipedia.org/wiki/Jo_Gartner
654,,driver_xmbLXR3t,NLD,1954-10-08,Huub,Dutch,,rothengatter,Rothengatter,http://en.wikipedia.org/wiki/Huub_Rothengatter
655,,driver_bACkd1Eh,AUT,1959-08-27,Gerhard,Austrian,,berger,Berger,http://en.wikipedia.org/wiki/Gerhard_Berger
656,,driver_jiLE2WiC,ITA,1961-04-23,Pierluigi,Italian,,martini,Martini,http://en.wikipedia.org/wiki/Pierluigi_Martini
657,,driver_zBVxBHe6,FRA,1955-06-26,Philippe,French,,streiff,Streiff,http://en.wikipedia.org/wiki/Philippe_Streiff
658,,driver_AhQ1YopN,DEU,1958-04-04,Christian,German,,danner,Danner,http://en.wikipedia.org/wiki/Christian_Danner
659,,driver_as5aNCgW,ITA,1963-05-24,Ivan,Italian,,capelli,Capelli,http://en.wikipedia.org/wiki/Ivan_Capelli
660,,driver_GJsSbPnP,GBR,1958-04-26,Johnny,British,,dumfries,Dumfries,http://en.wikipedia.org/wiki/Johnny_Dumfries
661,,driver_G24cpxh2,ITA,1959-07-07,Alessandro,Italian,,nannini,Nannini,http://en.wikipedia.org/wiki/Alessandro_Nannini
662,,driver_KpQ8LCnF,CAN,1961-08-01,Allen,Canadian,,berg,Berg,http://en.wikipedia.org/wiki/Allen_Berg
663,,driver_cyXHfwy2,ITA,1964-03-18,Alex,Italian,,caffi,Caffi,http://en.wikipedia.org/wiki/Alex_Caffi
664,,driver_VuJKGcuV,JPN,1953-02-23,Satoru,Japanese,,satoru_nakajima,Nakajima,http://en.wikipedia.org/wiki/Satoru_Nakajima
665,,driver_GjMXvsG6,FRA,1960-01-09,Pascal,French,,fabre,Fabre,http://en.wikipedia.org/wiki/Pascal_Fabre
666,,driver_lA2a9E6u,ESP,1960-06-17,Adrián,Spanish,,campos,Campos,http://en.wikipedia.org/wiki/Adri%C3%A1n_Campos
667,,driver_aV7145Mb,ITA,1962-03-02,Gabriele,Italian,,tarquini,Tarquini,http://en.wikipedia.org/wiki/Gabriele_Tarquini
668,,driver_jhRhrIDm,CHE,1958-09-22,Franco,Swiss,,forini,Forini,http://en.wikipedia.org/wiki/Franco_Forini
669,,driver_0UcrQx3F,ITA,1964-03-19,Nicola,Italian,,larini,Larini,http://en.wikipedia.org/wiki/Nicola_Larini
670,,driver_B3b3OAmI,FRA,1961-07-28,Yannick,French,,dalmas,Dalmas,http://en.wikipedia.org/wiki/Yannick_Dalmas
671,,driver_Lm4b4hQK,ITA,1963-05-12,Stefano,Italian,,modena,Modena,http://en.wikipedia.org/wiki/Stefano_Modena
672,,driver_lEImBv6Y,ESP,1959-05-15,Luis,Spanish,,sala,Pérez-Sala,http://en.wikipedia.org/wiki/Luis_Perez-Sala
673,,driver_3bDyfXkM,BRA,1963-04-20,Maurício,Brazilian,,gugelmin,Gugelmin,http://en.wikipedia.org/wiki/Maur%C3%ADcio_Gugelmin
674,,driver_OxfbYU44,ARG,1954-08-19,Oscar,Argentine,,larrauri,Larrauri,http://en.wikipedia.org/wiki/Oscar_Larrauri
675,,driver_TA6xp5Ip,GBR,1961-10-09,Julian,British,,bailey,Bailey,http://en.wikipedia.org/wiki/Julian_Bailey
676,,driver_IZ5WHxDn,DEU,1964-07-20,Bernd,German,,schneider,Schneider,http://en.wikipedia.org/wiki/Bernd_Schneider_(racecar_driver)
677,,driver_ddf82ZiG,JPN,1960-09-08,Aguri,Japanese,,suzuki,Suzuki,http://en.wikipedia.org/wiki/Aguri_Suzuki
678,,driver_gA0ThBUv,FRA,1961-05-27,Pierre-Henri,French,,raphanel,Raphanel,http://en.wikipedia.org/wiki/Pierre-Henri_Raphanel
679,,driver_BgiRKOoT,GBR,1964-06-25,Johnny,British,,herbert,Herbert,http://en.wikipedia.org/wiki/Johnny_Herbert
680,,driver_I6kuQVDS,FRA,1958-09-02,Olivier,French,,grouillard,Grouillard,http://en.wikipedia.org/wiki/Olivier_Grouillard
681,,driver_HoVip0o4,CHE,1965-03-27,Gregor,Swiss,,foitek,Foitek,http://en.wikipedia.org/wiki/Gregor_Foitek
682,,driver_zE3N86lS,DEU,1962-03-18,Volker,German,,weidler,Weidler,http://en.wikipedia.org/wiki/Volker_Weidler
683,,driver_Lieg7QPz,DEU,1960-10-24,Joachim,German,,joachim_winkelhock,Winkelhock,http://en.wikipedia.org/wiki/Joachim_Winkelhock
684,,driver_n5GxU58Q,BEL,1962-12-23,Bertrand,Belgian,,gachot,Gachot,http://en.wikipedia.org/wiki/Bertrand_Gachot
685,,driver_LmpLu2hG,FRA,1964-06-11,Jean,French,,alesi,Alesi,http://en.wikipedia.org/wiki/Jean_Alesi
686,,driver_4wSNIxAA,ITA,1962-01-12,Emanuele,Italian,,pirro,Pirro,http://en.wikipedia.org/wiki/Emanuele_Pirro
687,,driver_yfuI3eKH,FRA,1964-08-24,Éric,French,,bernard,Bernard,http://en.wikipedia.org/wiki/%C3%89ric_Bernard
688,,driver_K2ki822V,GBR,1964-03-26,Martin,British,,donnelly,Donnelly,http://en.wikipedia.org/wiki/Martin_Donnelly_(racing_driver)
689,,driver_wuqVDfqt,ITA,1964-09-19,Enrico,Italian,,bertaggia,Bertaggia,http://en.wikipedia.org/wiki/Enrico_Bertaggia
690,,driver_hJK3rzY2,FIN,1966-01-31,Jyrki,Finnish,,lehto,Järvilehto,http://en.wikipedia.org/wiki/Jyrki_J%C3%A4rvilehto
691,,driver_XMFzRSGU,ITA,1961-04-20,Paolo,Italian,,barilla,Barilla,http://en.wikipedia.org/wiki/Paolo_Barilla
692,,driver_cc3eypSD,ITA,1968-01-13,Gianni,Italian,,morbidelli,Morbidelli,http://en.wikipedia.org/wiki/Gianni_Morbidelli
693,,driver_tIzXWQW8,ITA,1960-07-20,Claudio,Italian,,langes,Langes,http://en.wikipedia.org/wiki/Claudio_Langes
694,,driver_8gOLjTGf,AUS,1961-03-29,Gary,Australian,,gary_brabham,Brabham,http://en.wikipedia.org/wiki/Gary_Brabham
695,,driver_GLHpCSPN,AUS,1965-09-05,David,Australian,,brabham,Brabham,http://en.wikipedia.org/wiki/David_Brabham
696,,driver_GbMyd0uN,FIN,1968-09-28,Mika,Finnish,,hakkinen,Häkkinen,http://en.wikipedia.org/wiki/Mika_H%C3%A4kkinen
697,,driver_mU4ZhZNZ,GBR,1966-04-08,Mark,British,,blundell,Blundell,http://en.wikipedia.org/wiki/Mark_Blundell
698,,driver_fYDtKcSx,FRA,1963-09-28,Érik,French,,comas,Comas,http://en.wikipedia.org/wiki/%C3%89rik_Comas
699,,driver_OSrDkPgA,PRT,1965-02-27,Pedro,Portuguese,,chaves,Chaves,http://en.wikipedia.org/wiki/Pedro_Chaves
700,,driver_ao0yV1B6,BEL,1961-09-30,Eric,Belgian,,poele,van de Poele,http://en.wikipedia.org/wiki/Eric_van_de_Poele
701,,driver_SPCqSUYF,ITA,1963-04-02,Fabrizio,Italian,,barbazza,Barbazza,http://en.wikipedia.org/wiki/Fabrizio_Barbazza
702,,driver_WTjfBPmt,DEU,1968-03-08,Michael,German,,bartels,Bartels,http://en.wikipedia.org/wiki/Michael_Bartels
703,MSC,driver_41CEOWyB,DEU,1969-01-03,Michael,German,,michael_schumacher,Schumacher,http://en.wikipedia.org/wiki/Michael_Schumacher
704,,driver_M1CvFNmT,ITA,1966-10-23,Alessandro,Italian,,zanardi,Zanardi,http://en.wikipedia.org/wiki/Alex_Zanardi
705,,driver_4ApDlRQQ,AUT,1968-12-20,Karl,Austrian,,wendlinger,Wendlinger,http://en.wikipedia.org/wiki/Karl_Wendlinger
706,,driver_DSaBNMfG,JPN,1966-06-13,Naoki,Japanese,,hattori,Hattori,http://en.wikipedia.org/wiki/Naoki_Hattori
707,,driver_VrWzGoG9,JPN,1963-05-29,Ukyo,Japanese,,katayama,Katayama,http://en.wikipedia.org/wiki/Ukyo_Katayama
708,,driver_Jv81H8jg,BRA,1971-01-18,Christian,Brazilian,,fittipaldi,Fittipaldi,http://en.wikipedia.org/wiki/Christian_Fittipaldi
709,,driver_BlZa57Sv,FRA,1963-04-23,Paul,French,,belmondo,Belmondo,http://en.wikipedia.org/wiki/Paul_Belmondo
710,,driver_YkogbBb4,CHE,1964-05-06,Andrea,Swiss,,chiesa,Chiesa,http://en.wikipedia.org/wiki/Andrea_Chiesa
711,,driver_0JLxNb2a,ITA,1959-07-20,Giovanna,Italian,,amati,Amati,http://en.wikipedia.org/wiki/Giovanna_Amati
712,,driver_hXhf4WQC,GBR,1960-09-17,Damon,British,,damon_hill,Hill,http://en.wikipedia.org/wiki/Damon_Hill
713,,driver_AEEqCYv7,GBR,1961-03-03,Perry,British,,mccarthy,McCarthy,http://en.wikipedia.org/wiki/Perry_McCarthy
714,,driver_UV9rQZ37,ITA,1968-02-24,Emanuele,Italian,,naspetti,Naspetti,http://en.wikipedia.org/wiki/Emanuele_Naspetti
715,BAR,driver_ioEbIEe5,BRA,1972-05-23,Rubens,Brazilian,,barrichello,Barrichello,http://en.wikipedia.org/wiki/Rubens_Barrichello
716,BAD,driver_JubWh4Ec,ITA,1971-01-25,Luca,Italian,,badoer,Badoer,http://en.wikipedia.org/wiki/Luca_Badoer
717,,driver_4J4i2S29,USA,1962-10-05,Michael,American,,andretti,Andretti,http://en.wikipedia.org/wiki/Michael_Andretti
718,,driver_kIjvJxcE,PRT,1972-03-20,Pedro,Portuguese,,lamy,Lamy,http://en.wikipedia.org/wiki/Pedro_Lamy
719,,driver_wyBZ6L3L,ITA,1965-10-07,Marco,Italian,,apicella,Apicella,http://en.wikipedia.org/wiki/Marco_Apicella
720,,driver_GQhrb7l3,GBR,1965-11-10,Eddie,British,,irvine,Irvine,http://en.wikipedia.org/wiki/Eddie_Irvine
721,,driver_3C1FpCGJ,JPN,1955-03-10,Toshio,Japanese,,toshio_suzuki,Suzuki,http://en.wikipedia.org/wiki/Toshio_Suzuki_(driver)
722,,driver_BVAZI9p3,FRA,1963-01-01,Jean-Marc,French,,gounon,Gounon,http://en.wikipedia.org/wiki/Jean-Marc_Gounon
723,,driver_Ioe3rNDP,FRA,1966-09-02,Olivier,French,,panis,Panis,http://en.wikipedia.org/wiki/Olivier_Panis
724,,driver_qJZHAtDL,NLD,1972-03-04,Jos,Dutch,,verstappen,Verstappen,http://en.wikipedia.org/wiki/Jos_Verstappen
725,,driver_gSqBr9vv,DEU,1967-05-18,Heinz-Harald,German,,frentzen,Frentzen,http://en.wikipedia.org/wiki/Heinz-Harald_Frentzen
726,,driver_ctx70Yhw,MCO,1969-11-23,Olivier,Monegasque,,beretta,Beretta,http://en.wikipedia.org/wiki/Olivier_Beretta
727,,driver_bwdNOFFL,AUT,1960-07-04,Roland,Austrian,,ratzenberger,Ratzenberger,http://en.wikipedia.org/wiki/Roland_Ratzenberger
728,COU,driver_1P3fHlkz,GBR,1971-03-27,David,British,,coulthard,Coulthard,http://en.wikipedia.org/wiki/David_Coulthard
729,,driver_xDS7nacc,ITA,1964-05-30,Andrea,Italian,,montermini,Montermini,http://en.wikipedia.org/wiki/Andrea_Montermini
730,,driver_cZuiHzMc,BEL,1969-11-19,Philippe,Belgian,,adams,Adams,http://en.wikipedia.org/wiki/Philippe_Adams
731,,driver_xQbSPwRe,ITA,1967-11-17,Domenico,Italian,,schiattarella,Schiattarella,http://en.wikipedia.org/wiki/Domenico_Schiattarella
732,,driver_UTQIhWuR,JPN,1969-03-07,Hideki,Japanese,,noda,Noda,http://en.wikipedia.org/wiki/Hideki_Noda
733,,driver_IFlo1tkD,FIN,1966-11-30,Mika,Finnish,,salo,Salo,http://en.wikipedia.org/wiki/Mika_Salo
734,,driver_OuMjwVqW,FRA,1968-09-01,Franck,French,,lagorce,Lagorce,http://en.wikipedia.org/wiki/Franck_Lagorce
735,,driver_xXarR1CO,JPN,1963-09-05,Taki,Japanese,,inoue,Inoue,http://en.wikipedia.org/wiki/Taki_Inoue
736,,driver_WodQ74HE,CHE,1963-10-01,Jean-Denis,Swiss,,deletraz,Délétraz,http://en.wikipedia.org/wiki/Jean-Denis_Deletraz
737,,driver_7K1SYItK,BRA,1970-05-22,Pedro,Brazilian,,diniz,Diniz,http://en.wikipedia.org/wiki/Pedro_Diniz
738,,driver_QyMktfpt,FRA,1969-12-27,Jean-Christophe,French,,boullion,Boullion,http://en.wikipedia.org/wiki/Jean-Christophe_Boullion
739,,driver_sj2cgzh4,ITA,1969-10-03,Massimiliano,Italian,,papis,Papis,http://en.wikipedia.org/wiki/Massimiliano_Papis
740,,driver_XfAWs4Mz,ITA,1958-02-18,Giovanni,Italian,,lavaggi,Lavaggi,http://en.wikipedia.org/wiki/Giovanni_Lavaggi
741,MAG,driver_R6z8iWpe,DNK,1973-07-04,Jan,Danish,,magnussen,Magnussen,http://en.wikipedia.org/wiki/Jan_Magnussen
742,VIL,driver_RFhDlZIk,CAN,1971-04-09,Jacques,Canadian,,villeneuve,Villeneuve,http://en.wikipedia.org/wiki/Jacques_Villeneuve
743,,driver_zY3WtxMk,BRA,1968-07-27,Ricardo,Brazilian,,rosset,Rosset,http://en.wikipedia.org/wiki/Ricardo_Rosset
744,FIS,driver_S21so6Vb,ITA,1973-01-14,Giancarlo,Italian,,fisichella,Fisichella,http://en.wikipedia.org/wiki/Giancarlo_Fisichella
745,,driver_IaP4FQN7,BRA,1976-01-19,Tarso,Brazilian,,marques,Marques,http://en.wikipedia.org/wiki/Tarso_Marques
746,,driver_wqajISKT,JPN,1971-04-01,Shinji,Japanese,,nakano,Nakano,http://en.wikipedia.org/wiki/Shinji_Nakano
747,TRU,driver_mWg8RRMg,ITA,1974-07-13,Jarno,Italian,,trulli,Trulli,http://en.wikipedia.org/wiki/Jarno_Trulli
748,SCH,driver_LIWYFUFw,DEU,1975-06-30,Ralf,German,,ralf_schumacher,Schumacher,http://en.wikipedia.org/wiki/Ralf_Schumacher
749,,driver_IHNUv3Bv,ITA,1966-10-07,Vincenzo,Italian,,sospiri,Sospiri,http://en.wikipedia.org/wiki/Vincenzo_Sospiri
750,WUR,driver_Uiy1Sj5W,AUT,1974-02-15,Alexander,Austrian,,wurz,Wurz,http://en.wikipedia.org/wiki/Alexander_Wurz
751,,driver_YyxJj0nm,ARG,1975-01-20,Norberto,Argentine,,fontana,Fontana,http://en.wikipedia.org/wiki/Norberto_Fontana
752,,driver_ps5Ie8fd,ARG,1978-04-22,Esteban,Argentine,,tuero,Tuero,http://en.wikipedia.org/wiki/Esteban_Tuero
753,,driver_RckLZmFs,JPN,1974-02-12,Toranosuke,Japanese,,takagi,Takagi,http://en.wikipedia.org/wiki/Toranosuke_Takagi
754,DLR,driver_VGaAbBSy,ESP,1971-02-24,Pedro,Spanish,,rosa,de la Rosa,http://en.wikipedia.org/wiki/Pedro_de_la_Rosa
755,ZON,driver_4Ipo8Hx4,BRA,1976-03-23,Ricardo,Brazilian,,zonta,Zonta,http://en.wikipedia.org/wiki/Ricardo_Zonta
756,,driver_tNSnZxVC,ESP,1974-03-29,Marc,Spanish,,gene,Gené,http://en.wikipedia.org/wiki/Marc_Gen%C3%A9
757,,driver_jvxlBXdB,FRA,1975-11-02,Stéphane,French,,sarrazin,Sarrazin,http://en.wikipedia.org/wiki/St%C3%A9phane_Sarrazin
758,HEI,driver_P9RHzLcZ,DEU,1977-05-10,Nick,German,,heidfeld,Heidfeld,http://en.wikipedia.org/wiki/Nick_Heidfeld
759,BUT,driver_essPqmat,GBR,1980-01-19,Jenson,British,22,button,Button,http://en.wikipedia.org/wiki/Jenson_Button
760,,driver_OXaTJFyf,ARG,1975-05-08,Gastón,Argentine,,mazzacane,Mazzacane,http://en.wikipedia.org/wiki/Gast%C3%B3n_Mazzacane
761,,driver_evFtfTzG,BRA,1975-03-05,Luciano,Brazilian,,burti,Burti,http://en.wikipedia.org/wiki/Luciano_Burti
762,RAI,driver_rVobWg9B,FIN,1979-10-17,Kimi,Finnish,7,raikkonen,Räikkönen,http://en.wikipedia.org/wiki/Kimi_R%C3%A4ikk%C3%B6nen
763,ALO,driver_WqMAI78W,ESP,1981-07-29,Fernando,Spanish,14,alonso,Alonso,http://en.wikipedia.org/wiki/Fernando_Alonso
764,MON,driver_pJ1KNzHr,COL,1975-09-20,Juan,Colombian,,montoya,Pablo Montoya,http://en.wikipedia.org/wiki/Juan_Pablo_Montoya
765,,driver_yXoQXawp,BRA,1978-10-19,Enrique,Brazilian,,bernoldi,Bernoldi,http://en.wikipedia.org/wiki/Enrique_Bernoldi
766,,driver_dWK2XzgI,CZE,1976-09-11,Tomáš,Czech,,enge,Enge,http://en.wikipedia.org/wiki/Tom%C3%A1%C5%A1_Enge
767,,driver_iClsl0sI,MYS,1976-07-20,Alex,Malaysian,,yoong,Yoong,http://en.wikipedia.org/wiki/Alex_Yoong
768,WEB,driver_xKJxlmCp,AUS,1976-08-27,Mark,Australian,,webber,Webber,http://en.wikipedia.org/wiki/Mark_Webber_(racing_driver)
769,SAT,driver_WxlLGJbq,JPN,1977-01-28,Takuma,Japanese,,sato,Sato,http://en.wikipedia.org/wiki/Takuma_Sato
770,MAS,driver_rkq3RIoX,BRA,1981-04-25,Felipe,Brazilian,19,massa,Massa,http://en.wikipedia.org/wiki/Felipe_Massa
771,,driver_ZLxDvx9i,GBR,1969-12-29,Allan,British,,mcnish,McNish,http://en.wikipedia.org/wiki/Allan_McNish
772,DAV,driver_KsMcDrK5,GBR,1979-04-18,Anthony,British,,davidson,Davidson,http://en.wikipedia.org/wiki/Anthony_Davidson
773,PIZ,driver_sOXupnRS,BRA,1980-09-11,Antônio,Brazilian,,pizzonia,Pizzonia,http://en.wikipedia.org/wiki/Ant%C3%B4nio_Pizzonia
774,,driver_oJPszKtp,GBR,1978-07-31,Justin,British,,wilson,Wilson,http://en.wikipedia.org/wiki/Justin_Wilson_(racing_driver)
775,,driver_R1va4lUR,BRA,1973-09-19,Cristiano,Brazilian,,matta,da Matta,http://en.wikipedia.org/wiki/Cristiano_da_Matta
776,,driver_NnC2cNVO,IRL,1975-05-20,Ralph,Irish,,firman,Firman,http://en.wikipedia.org/wiki/Ralph_Firman
777,,driver_lTcc3O51,DNK,1978-03-03,Nicolas,Danish,,kiesa,Kiesa,http://en.wikipedia.org/wiki/Nicolas_Kiesa
778,,driver_lvbUkpzQ,HUN,1981-01-01,Zsolt,Hungarian,,baumgartner,Baumgartner,http://en.wikipedia.org/wiki/Zsolt_Baumgartner
779,KLI,driver_9g3ssIS2,AUT,1983-02-07,Christian,Austrian,,klien,Klien,http://en.wikipedia.org/wiki/Christian_Klien
780,,driver_OeWERqnY,ITA,1979-02-04,Giorgio,Italian,,pantano,Pantano,http://en.wikipedia.org/wiki/Giorgio_Pantano
781,,driver_HHtAEsFi,ITA,1981-05-30,Gianmaria,Italian,,bruni,Bruni,http://en.wikipedia.org/wiki/Gianmaria_Bruni
782,GLO,driver_52L5Ruy3,DEU,1982-03-18,Timo,German,,glock,Glock,http://en.wikipedia.org/wiki/Timo_Glock
783,KAR,driver_WVqNi5cJ,IND,1977-01-14,Narain,Indian,,karthikeyan,Karthikeyan,http://en.wikipedia.org/wiki/Narain_Karthikeyan
784,TMO,driver_Fe7ZC4Bn,PRT,1976-07-24,Tiago,Portuguese,,monteiro,Monteiro,http://en.wikipedia.org/wiki/Tiago_Monteiro
785,FRI,driver_HI2QtN07,AUT,1980-09-26,Patrick,Austrian,,friesacher,Friesacher,http://en.wikipedia.org/wiki/Patrick_Friesacher
786,ALB,driver_Ty9wR4L7,NLD,1979-04-16,Christijan,Dutch,,albers,Albers,http://en.wikipedia.org/wiki/Christijan_Albers
787,LIU,driver_MvG9s7cS,ITA,1980-08-06,Vitantonio,Italian,,liuzzi,Liuzzi,http://en.wikipedia.org/wiki/Vitantonio_Liuzzi
788,DOO,driver_7FxvuMaP,NLD,1981-09-23,Robert,Dutch,,doornbos,Doornbos,http://en.wikipedia.org/wiki/Robert_Doornbos
789,ROS,driver_6LUY5kqq,DEU,1985-06-27,Nico,German,6,rosberg,Rosberg,http://en.wikipedia.org/wiki/Nico_Rosberg
790,SPE,driver_FCyYVqPA,USA,1983-01-24,Scott,American,,speed,Speed,http://en.wikipedia.org/wiki/Scott_Speed
791,IDE,driver_BYUahd5X,JPN,1975-01-21,Yuji,Japanese,,ide,Ide,http://en.wikipedia.org/wiki/Yuji_Ide
792,FMO,driver_t7dFNWQP,FRA,1978-01-05,Franck,French,,montagny,Montagny,http://en.wikipedia.org/wiki/Franck_Montagny
793,YAM,driver_dHR0RShY,JPN,1982-07-09,Sakon,Japanese,,yamamoto,Yamamoto,http://en.wikipedia.org/wiki/Sakon_Yamamoto
794,KUB,driver_udWRAkPy,POL,1984-12-07,Robert,Polish,88,kubica,Kubica,http://en.wikipedia.org/wiki/Robert_Kubica
795,HAM,driver_cAPSXDn9,GBR,1985-01-07,Lewis,British,44,hamilton,Hamilton,http://en.wikipedia.org/wiki/Lewis_Hamilton
796,KOV,driver_Hs9PZl8r,FIN,1981-10-19,Heikki,Finnish,,kovalainen,Kovalainen,http://en.wikipedia.org/wiki/Heikki_Kovalainen
797,SUT,driver_zSB3TJKw,DEU,1983-01-11,Adrian,German,99,sutil,Sutil,http://en.wikipedia.org/wiki/Adrian_Sutil
798,VET,driver_NpmnWj7a,DEU,1987-07-03,Sebastian,German,5,vettel,Vettel,http://en.wikipedia.org/wiki/Sebastian_Vettel
799,WIN,driver_ZoQGE8uA,DEU,1980-06-13,Markus,German,,markus_winkelhock,Winkelhock,http://en.wikipedia.org/wiki/Markus_Winkelhock
800,NAK,driver_UbsKwRpI,JPN,1985-01-11,Kazuki,Japanese,,nakajima,Nakajima,http://en.wikipedia.org/wiki/Kazuki_Nakajima
801,BOU,driver_6wOuWXC3,FRA,1979-02-28,Sébastien,French,,bourdais,Bourdais,http://en.wikipedia.org/wiki/S%C3%A9bastien_Bourdais
802,PIQ,driver_NvuAnuAG,BRA,1985-07-25,Nelson,Brazilian,,piquet_jr,Piquet Jr.,"http://en.wikipedia.org/wiki/Nelson_Piquet,_Jr."
803,BUE,driver_2l827o2H,CHE,1988-10-31,Sébastien,Swiss,,buemi,Buemi,http://en.wikipedia.org/wiki/S%C3%A9bastien_Buemi
804,ALG,driver_oNiRJ5g1,ESP,1990-03-23,Jaime,Spanish,,alguersuari,Alguersuari,http://en.wikipedia.org/wiki/Jaime_Alguersuari
805,GRO,driver_TsLyZaTI,FRA,1986-04-17,Romain,French,8,grosjean,Grosjean,http://en.wikipedia.org/wiki/Romain_Grosjean
806,KOB,driver_JaJFf61y,JPN,1986-09-13,Kamui,Japanese,10,kobayashi,Kobayashi,http://en.wikipedia.org/wiki/Kamui_Kobayashi
807,HUL,driver_gADFaAX1,DEU,1987-08-19,Nico,German,27,hulkenberg,Hülkenberg,http://en.wikipedia.org/wiki/Nico_H%C3%BClkenberg
808,SEN,driver_hy3ZnIVp,BRA,1983-10-15,Bruno,Brazilian,,bruno_senna,Senna,http://en.wikipedia.org/wiki/Bruno_Senna
809,PET,driver_SShbJdLE,RUS,1984-09-08,Vitaly,Russian,,petrov,Petrov,http://en.wikipedia.org/wiki/Vitaly_Petrov
810,DIG,driver_ujohWytf,BRA,1984-08-11,Lucas,Brazilian,,grassi,di Grassi,http://en.wikipedia.org/wiki/Lucas_di_Grassi
811,CHA,driver_5bZkLvns,IND,1984-01-19,Karun,Indian,,chandhok,Chandhok,http://en.wikipedia.org/wiki/Karun_Chandhok
812,DIR,driver_VoN0eg0x,GBR,1986-04-16,Paul,British,40,resta,di Resta,http://en.wikipedia.org/wiki/Paul_di_Resta
813,DAM,driver_PvM6qZkl,BEL,1985-12-27,Jérôme,Belgian,,ambrosio,d'Ambrosio,http://en.wikipedia.org/wiki/J%C3%A9r%C3%B4me_d%27Ambrosio
814,MAL,driver_hrA0goWi,VEN,1985-03-09,Pastor,Venezuelan,13,maldonado,Maldonado,http://en.wikipedia.org/wiki/Pastor_Maldonado
815,PER,driver_NliMiGAb,MEX,1990-01-26,Sergio,Mexican,11,perez,Pérez,http://en.wikipedia.org/wiki/Sergio_P%C3%A9rez
816,RIC,driver_yzCm34qm,AUS,1989-07-01,Daniel,Australian,3,ricciardo,Ricciardo,http://en.wikipedia.org/wiki/Daniel_Ricciardo
817,VER,driver_8l5sMbIL,FRA,1990-04-25,Jean-Éric,French,25,vergne,Vergne,http://en.wikipedia.org/wiki/Jean-%C3%89ric_Vergne
818,PIC,driver_YZ66PNy8,FRA,1990-02-15,Charles,French,,pic,Pic,http://en.wikipedia.org/wiki/Charles_Pic
819,GUT,driver_kCqKqFdI,MEX,1991-08-05,Esteban,Mexican,21,gutierrez,Gutiérrez,http://en.wikipedia.org/wiki/Esteban_Guti%C3%A9rrez
820,BOT,driver_H43o382s,FIN,1989-08-28,Valtteri,Finnish,77,bottas,Bottas,http://en.wikipedia.org/wiki/Valtteri_Bottas
821,BIA,driver_zL2M2XrU,FRA,1989-08-03,Jules,French,17,jules_bianchi,Bianchi,http://en.wikipedia.org/wiki/Jules_Bianchi
822,CHI,driver_JYsQRpQV,GBR,1991-04-21,Max,British,4,chilton,Chilton,http://en.wikipedia.org/wiki/Max_Chilton
823,VDG,driver_ggHXDOzw,NLD,1985-04-25,Giedo,Dutch,,garde,van der Garde,http://en.wikipedia.org/wiki/Giedo_van_der_Garde
824,MAG,driver_8tH8zRcP,DNK,1992-10-05,Kevin,Danish,20,kevin_magnussen,Magnussen,http://en.wikipedia.org/wiki/Kevin_Magnussen
825,KVY,driver_yAyREtm5,RUS,1994-04-26,Daniil,Russian,26,kvyat,Kvyat,http://en.wikipedia.org/wiki/Daniil_Kvyat
826,ERI,driver_VNDTqAUl,SWE,1990-09-02,Marcus,Swedish,9,ericsson,Ericsson,http://en.wikipedia.org/wiki/Marcus_Ericsson
827,LOT,driver_plV03Ck4,DEU,1981-11-19,André,German,45,lotterer,Lotterer,http://en.wikipedia.org/wiki/Andr%C3%A9_Lotterer
828,STE,driver_vVFRj2xA,GBR,1991-06-28,Will,British,28,stevens,Stevens,http://en.wikipedia.org/wiki/Will_Stevens
829,NAS,driver_ukIaEYIe,BRA,1992-08-21,Felipe,Brazilian,12,nasr,Nasr,http://en.wikipedia.org/wiki/Felipe_Nasr
830,SAI,driver_nPms5pYt,ESP,1994-09-01,Carlos,Spanish,55,sainz,Sainz,http://en.wikipedia.org/wiki/Carlos_Sainz_Jr.
831,VER,driver_VkTWWTC5,NLD,1997-09-30,Max,Dutch,3,max_verstappen,Verstappen,http://en.wikipedia.org/wiki/Max_Verstappen
832,MER,driver_ZgSGE9zw,ESP,1991-03-22,Roberto,Spanish,98,merhi,Merhi,http://en.wikipedia.org/wiki/Roberto_Merhi
833,RSS,driver_oXSYPuKt,USA,1991-09-25,Alexander,American,53,rossi,Rossi,http://en.wikipedia.org/wiki/Alexander_Rossi_%28racing_driver%29
834,PAL,driver_Em1o0wN7,GBR,1991-01-20,Jolyon,British,30,jolyon_palmer,Palmer,http://en.wikipedia.org/wiki/Jolyon_Palmer
835,WEH,driver_D4E4RT6b,DEU,1994-10-18,Pascal,German,94,wehrlein,Wehrlein,http://en.wikipedia.org/wiki/Pascal_Wehrlein
836,HAR,driver_3aMv7hXW,IDN,1993-01-22,Rio,Indonesian,88,haryanto,Haryanto,http://en.wikipedia.org/wiki/Rio_Haryanto
837,VAN,driver_Y0gHC067,BEL,1992-03-26,Stoffel,Belgian,2,vandoorne,Vandoorne,http://en.wikipedia.org/wiki/Stoffel_Vandoorne
838,OCO,driver_0GFvbLMc,FRA,1996-09-17,Esteban,French,31,ocon,Ocon,http://en.wikipedia.org/wiki/Esteban_Ocon
839,GIO,driver_KgG5C2mX,ITA,1993-12-14,Antonio,Italian,99,giovinazzi,Giovinazzi,http://en.wikipedia.org/wiki/Antonio_Giovinazzi
840,STR,driver_XkmSOlgX,CAN,1998-10-29,Lance,Canadian,18,stroll,Stroll,http://en.wikipedia.org/wiki/Lance_Stroll
841,GAS,driver_q7WdJenu,FRA,1996-02-07,Pierre,French,10,gasly,Gasly,http://en.wikipedia.org/wiki/Pierre_Gasly
842,HAR,driver_enDp9GIA,NZL,1989-11-10,Brendon,New Zealander,28,brendon_hartley,Hartley,http://en.wikipedia.org/wiki/Brendon_Hartley
843,LEC,driver_pAXWnsA8,MCO,1997-10-16,Charles,Monegasque,16,leclerc,Leclerc,http://en.wikipedia.org/wiki/Charles_Leclerc
844,SIR,driver_Z04874u4,RUS,1995-08-27,Sergey,Russian,35,sirotkin,Sirotkin,http://en.wikipedia.org/wiki/Sergey_Sirotkin_(racing_driver)
845,NOR,driver_BOyYHlVE,GBR,1999-11-13,Lando,British,4,norris,Norris,http://en.wikipedia.org/wiki/Lando_Norris
846,ALB,driver_0Z9Cjb1U,THA,1996-03-23,Alexander,Thai,23,albon,Albon,http://en.wikipedia.org/wiki/Alexander_Albon
847,RUS,driver_dPPwWNxA,GBR,1998-02-15,George,British,63,russell,Russell,http://en.wikipedia.org/wiki/George_Russell_(racing_driver)
848,LAT,driver_mTVhQq4k,CAN,1995-06-29,Nicholas,Canadian,6,latifi,Latifi,http://en.wikipedia.org/wiki/Nicholas_Latifi
849,AIT,driver_3ujEQimb,GBR,1995-09-23,Jack,British,89,aitken,Aitken,http://en.wikipedia.org/wiki/Jack_Aitken
850,FIT,driver_ZZFFFYis,BRA,1996-06-25,Pietro,Brazilian,51,pietro_fittipaldi,Fittipaldi,http://en.wikipedia.org/wiki/Pietro_Fittipaldi
851,TSU,driver_aEOevTUh,JPN,2000-05-11,Yuki,Japanese,22,tsunoda,Tsunoda,http://en.wikipedia.org/wiki/Yuki_Tsunoda
852,MSC,driver_UxnmZnub,DEU,1999-03-22,Mick,German,47,mick_schumacher,Schumacher,http://en.wikipedia.org/wiki/Mick_Schumacher
853,MAZ,driver_qz190vuw,RUS,1999-03-02,Nikita,Russian,9,mazepin,Mazepin,http://en.wikipedia.org/wiki/Nikita_Mazepin
854,ZHO,driver_CyXA6GA4,CHN,1999-05-30,Guanyu,Chinese,24,zhou,Zhou,http://en.wikipedia.org/wiki/Zhou_Guanyu
855,DEV,driver_xKluwMtH,NLD,1995-02-06,Nyck,Dutch,21,de_vries,de Vries,http://en.wikipedia.org/wiki/Nyck_de_Vries
856,SAR,driver_xXhDYjcC,USA,2000-12-31,Logan,American,2,sargeant,Sargeant,http://en.wikipedia.org/wiki/Logan_Sargeant
857,PIA,driver_1V17qcph,AUS,2001-04-06,Oscar,Australian,81,piastri,Piastri,http://en.wikipedia.org/wiki/Oscar_Piastri
858,LAW,driver_uLDLxCqO,NZL,2002-02-11,Liam,New Zealander,30,lawson,Lawson,http://en.wikipedia.org/wiki/Liam_Lawson
859,BEA,driver_19q67raM,GBR,2005-05-08,Oliver,British,87,bearman,Bearman,http://en.wikipedia.org/wiki/Oliver_Bearman
860,COL,driver_ElsSjDoL,ARG,2003-05-27,Franco,Argentine,43,colapinto,Colapinto,http://en.wikipedia.org/wiki/Franco_Colapinto
861,DOO,driver_g0a6B2Hm,AUS,2003-01-20,Jack,Australian,7,doohan,Doohan,http://en.wikipedia.org/wiki/Jack_Doohan
862,BOR,driver_d1a4FipV,BRA,2004-10-14,Gabriel,Brazilian,5,bortoleto,Bortoleto,https://en.wikipedia.org/wiki/Gabriel_Bortoleto
863,ANT,driver_yNfRW5Lg,ITA,2006-08-25,Andrea Kimi,Italian,12,antonelli,Antonelli,https://en.wikipedia.org/wiki/Andrea_Kimi_Antonelli
864,HAD,driver_ZiErQgDm,FRA,2004-09-28,Isack,French,6,hadjar,Hadjar,https://en.wikipedia.org/wiki/Isack_Hadjar
865,,driver_l5QVJWuy,MEX,,Patricio,,,patricio_o_ward,O'Ward,
866,,driver_X30mqEfT,JPN,,Ayumu,,,ayumu_iwasa,Iwasa,
867,,driver_utG6uU0n,MON,,Arthur,,,arthur_leclerc,Leclerc,
868,,driver_AC0S2RTY,GBR,,Luke,,,luke_browning,Browning,
869,,driver_XepUISkl,EST,,Paul,,,paul_aron,Aron,
870,,driver_1jsWHE05,USA,,Jak,,,jak_crawford,Crawford,
871,,driver_tzzffpZs,GBR,,Cian,,,cian_shields,Shields,
872,,driver_YfoAc0Ur,JPN,,Ryo,,,ryo_hirakawa,Hirakawa,
873,,driver_DdBdmX6N,GBR,,Arvid,,,arvid_lindblad,Lindblad,
907,LIN,driver_4oWttulg,GBR,2007-08-08,Arvid,British,,lindblad,Lindblad,
